Config_Name,Category,Type,P-AP,P-AUPRO,P-AUROC,P-F1,R-MissRate,R-FP-RegionCount,R-PixelCoverage,R-FPR,I-AUROC,I-AP,I-F1,Elapsed_s
00_Raw_Base_672_Baseline,0_Baseline,baseline,0.48298901319503784,0.9389237304701883,0.9844638109207153,0.5190108418464661,0.002107728337236534,22800,0.9841980500802764,0.9640919131343001,0.9152224824355971,0.989060358788439,0.9687248898790964,1.12
"10_GF_Self (r=2, eps=1e-04)",1A_Guided_Self,guided_self,0.48707810044288635,0.9297854991279769,0.9850948452949524,0.5217275023460388,0.0029274004683840747,12055,0.9834873787327567,0.93355858703925,0.9163231850117096,0.9892713367685684,0.967068223112533,1.06
"10_GF_Self (r=2, eps=1e-03)",1A_Guided_Self,guided_self,0.4869406223297119,0.929308776684204,0.9851366877555847,0.5203362703323364,0.0029274004683840747,11698,0.98372449372094,0.9315540769195415,0.9155971896955504,0.9892025635092184,0.9662378921407992,1.06
"10_GF_Self (r=2, eps=1e-02)",1A_Guided_Self,guided_self,0.4874269962310791,0.9288573859513021,0.9851336479187012,0.5195979475975037,0.0029274004683840747,11652,0.9837782784160205,0.9313036626704925,0.9156908665105387,0.9892297383348373,0.9662378921407992,1.08
"10_GF_Self (r=4, eps=1e-04)",1A_Guided_Self,guided_self,0.487429141998291,0.9239271744043703,0.9848001599311829,0.5224547386169434,0.004566744730679157,7260,0.9806427562130589,0.8923852005277709,0.9165807962529274,0.9893825951809458,0.9656823123650908,1.03
"10_GF_Self (r=4, eps=1e-03)",1A_Guided_Self,guided_self,0.47738710045814514,0.9181287790343379,0.9842410087585449,0.5129547715187073,0.006206088992974239,6181,0.9799687576408205,0.8775145769983751,0.9114754098360656,0.9887582711168215,0.9633757462194232,1.05
"10_GF_Self (r=4, eps=1e-02)",1A_Guided_Self,guided_self,0.4710446000099182,0.9196851919836787,0.983919620513916,0.5047622919082642,0.006206088992974239,6033,0.9798141686256735,0.8750849867085212,0.9095784543325526,0.9885377773772346,0.9626093374737139,1.07
"10_GF_Self (r=8, eps=1e-04)",1A_Guided_Self,guided_self,0.4857389032840729,0.925194983873479,0.9837723970413208,0.5208595991134644,0.00702576112412178,5034,0.9738699091260089,0.8433673824440555,0.9152927400468384,0.9892886989762415,0.9641433763337116,1.08
"10_GF_Self (r=8, eps=1e-03)",1A_Guided_Self,guided_self,0.455936074256897,0.8799431434678157,0.9805784821510315,0.4955829679965973,0.02221896955503513,2961,0.9514833489234938,0.7652593672265804,0.9003981264637002,0.9875407491998527,0.9572107266005485,1.09
"10_GF_Self (r=8, eps=1e-02)",1A_Guided_Self,guided_self,0.42386794090270996,0.8567640974406113,0.9782405495643616,0.4625604748725891,0.030142466822794686,2734,0.9355040176663207,0.755308366496891,0.8933723653395785,0.9866852842322956,0.9555555056059487,1.09
"11_GF_Gray (r=2, eps=1e-04)",1B_Guided_Gray,guided_gray,0.49082377552986145,0.9317273242515008,0.9850156307220459,0.5212512612342834,0.0029274004683840747,14477,0.9838268347142431,0.94429668890783,0.9147072599531617,0.9890511845725211,0.9662378921407992,1.2
"11_GF_Gray (r=2, eps=1e-03)",1B_Guided_Gray,guided_gray,0.4905974268913269,0.9357683954894365,0.9850194454193115,0.5210050344467163,0.0029274004683840747,13834,0.9838414710333141,0.9419360000435909,0.9147072599531617,0.9890470531037523,0.9662920848532344,1.12
"11_GF_Gray (r=2, eps=1e-02)",1B_Guided_Gray,guided_gray,0.48873862624168396,0.9321619125245961,0.985019326210022,0.5199601650238037,0.0029274004683840747,12533,0.9838355273480456,0.9359009064290708,0.9148243559718969,0.9890731812387539,0.9662378921407992,1.12
"11_GF_Gray (r=4, eps=1e-04)",1B_Guided_Gray,guided_gray,0.480690598487854,0.9202340814819197,0.9837889671325684,0.5103111863136292,0.0053864168618266975,12430,0.9810017210307329,0.9323318946657112,0.909063231850117,0.9884227110469332,0.9633757462194232,1.13
"11_GF_Gray (r=4, eps=1e-03)",1B_Guided_Gray,guided_gray,0.4798164963722229,0.9147056759222739,0.9837974309921265,0.5098274350166321,0.0053864168618266975,11205,0.9812161806133719,0.9257379488693731,0.9089227166276348,0.9883991822670166,0.9633757462194232,1.13
"11_GF_Gray (r=4, eps=1e-02)",1B_Guided_Gray,guided_gray,0.4752610921859741,0.9168528330398366,0.9837781190872192,0.5075000524520874,0.006206088992974239,8328,0.9804622531804194,0.9033596530126127,0.9084074941451991,0.9883444530627544,0.9626093374737139,1.14
"11_GF_Gray (r=8, eps=1e-04)",1B_Guided_Gray,guided_gray,0.4344620406627655,0.8508032861716119,0.9783350229263306,0.46973735094070435,0.016481264637002342,27419,0.9422170465153488,0.9612591878571212,0.8934660421545668,0.9866432304095379,0.9571428071932503,1.17
"11_GF_Gray (r=8, eps=1e-03)",1B_Guided_Gray,guided_gray,0.4337899386882782,0.8600178431326512,0.978343665599823,0.4696602523326874,0.016481264637002342,23684,0.9437910429941055,0.9551831658608684,0.89288056206089,0.9865761453756935,0.9571428071932503,1.12
"11_GF_Gray (r=8, eps=1e-02)",1B_Guided_Gray,guided_gray,0.4270821511745453,0.8498417065541334,0.9781501293182373,0.46582600474357605,0.02221896955503513,10713,0.9424921239791576,0.9018566439497591,0.8904683840749414,0.9862757363108825,0.9556961525922354,1.12
"12_GF_RGB (r=2, eps=1e-04)",1C_Guided_RGB,guided_rgb,0.49369311332702637,0.9337910751472731,0.9850335121154785,0.5225526094436646,0.0029274004683840747,15313,0.9837790704510673,0.9473576689255987,0.9146370023419205,0.9890395306458876,0.9662378921407992,1.24
"12_GF_RGB (r=2, eps=1e-03)",1C_Guided_RGB,guided_rgb,0.4927400052547455,0.934718807576182,0.9850282073020935,0.5220249891281128,0.0029274004683840747,14292,0.9838352962402751,0.9435741039424778,0.9146370023419205,0.9890377119399291,0.9662378921407992,1.22
"12_GF_RGB (r=2, eps=1e-02)",1C_Guided_RGB,guided_rgb,0.4904637634754181,0.9301471587934131,0.9850221276283264,0.5209138989448547,0.0029274004683840747,13112,0.9838516852922555,0.9386820568981968,0.9148243559718968,0.9890589598622709,0.9662378921407992,1.23
"12_GF_RGB (r=4, eps=1e-04)",1C_Guided_RGB,guided_rgb,0.48970144987106323,0.9220742783913722,0.9839413166046143,0.5160778164863586,0.0053864168618266975,16030,0.9811653246623877,0.9481044748998962,0.9089929742388759,0.988417240897954,0.9633757462194232,1.27
"12_GF_RGB (r=4, eps=1e-03)",1C_Guided_RGB,guided_rgb,0.4864296019077301,0.9221065477346582,0.9838792085647583,0.5135717391967773,0.0053864168618266975,12330,0.9811602697966261,0.9316716330302608,0.908665105386417,0.9883724832367459,0.9633757462194232,1.28
"12_GF_RGB (r=4, eps=1e-02)",1C_Guided_RGB,guided_rgb,0.479849636554718,0.9190288624534362,0.9838173389434814,0.5101234316825867,0.006206088992974239,9612,0.9804499624930745,0.9157910420228358,0.9086651053864169,0.9883630516336293,0.9633757462194232,1.27
"12_GF_RGB (r=8, eps=1e-04)",1C_Guided_RGB,guided_rgb,0.45993131399154663,0.8723860020145572,0.9788395166397095,0.485934317111969,0.014022248243559719,37572,0.9445539835276227,0.9753000113348209,0.8923887587822015,0.9865558346860147,0.9571428071932503,1.33
"12_GF_RGB (r=8, eps=1e-03)",1C_Guided_RGB,guided_rgb,0.45205825567245483,0.8632437925646493,0.9786491394042969,0.4806281626224518,0.0156615925058548,27272,0.94372710166556,0.962037187951347,0.892552693208431,0.9865425852094544,0.9571428071932503,1.31
"12_GF_RGB (r=8, eps=1e-02)",1C_Guided_RGB,guided_rgb,0.43693941831588745,0.8503303170467783,0.9783709049224854,0.4719341993331909,0.018940281030444966,17255,0.9439748905853851,0.9385588161523987,0.891288056206089,0.9863704479183335,0.9563144853934936,1.28
"20_MS_GF_Pyramid (radii=[2,4,8], eps=1e-04, boost=1.0/1.0)",2A_MultiScale_GF_Pyramid,multiscale_gf,0.48707810044288635,0.9297854991279769,0.9850948452949524,0.5217275023460388,0.0029274004683840747,12055,0.9834873787327567,0.93355858703925,0.9163231850117096,0.9892713367685684,0.967068223112533,1.16
"21_MS_GF_Gray_Pyramid (radii=[2,4,8], eps=1e-04, boost=1.0/1.0)",2A_MultiScale_GF_Pyramid,multiscale_gf,0.49082377552986145,0.9317273242515008,0.9850156307220459,0.5212512612342834,0.0029274004683840747,14477,0.9838268347142431,0.94429668890783,0.9147072599531617,0.9890511845725211,0.9662378921407992,1.18
"20_MS_GF_Pyramid (radii=[2,4,8], eps=1e-04, boost=1.2/1.0)",2A_MultiScale_GF_Pyramid,multiscale_gf,0.4865822196006775,0.9306370769418566,0.9850901365280151,0.5213912129402161,0.0029274004683840747,13301,0.9838738346693868,0.9396789933723094,0.9158782201405151,0.9891877785980567,0.9678972212898315,1.17
"21_MS_GF_Gray_Pyramid (radii=[2,4,8], eps=1e-04, boost=1.2/1.0)",2A_MultiScale_GF_Pyramid,multiscale_gf,0.4907398223876953,0.9388318982509095,0.9850475192070007,0.5219703912734985,0.0029274004683840747,16176,0.9841382332253523,0.9501201384703685,0.9147775175644028,0.9890339405085102,0.967068223112533,1.2
"20_MS_GF_Pyramid (radii=[2,4,8], eps=1e-04, boost=1.5/1.2)",2A_MultiScale_GF_Pyramid,multiscale_gf,0.4844813644886017,0.9373727764972177,0.9850308895111084,0.520420253276825,0.0029274004683840747,15191,0.9846556819839858,0.9475391782575829,0.9144496487119438,0.9889540386706361,0.9678972212898315,1.18
"21_MS_GF_Gray_Pyramid (radii=[2,4,8], eps=1e-04, boost=1.5/1.2)",2A_MultiScale_GF_Pyramid,multiscale_gf,0.48978883028030396,0.9336342172091829,0.9848716855049133,0.5230182409286499,0.002107728337236534,19174,0.9850087738774965,0.9586006505876578,0.916088992974239,0.9891251754547741,0.9687248898790964,1.17
"20_MS_GF_Pyramid (radii=[2,4,8], eps=1e-04, boost=2.0/1.5)",2A_MultiScale_GF_Pyramid,multiscale_gf,0.4789443910121918,0.9403552182563837,0.984774112701416,0.5177950859069824,0.002107728337236534,18094,0.9861747620876394,0.9559816385517819,0.912224824355972,0.9885322663470986,0.9686746488153443,1.19
"21_MS_GF_Gray_Pyramid (radii=[2,4,8], eps=1e-04, boost=2.0/1.5)",2A_MultiScale_GF_Pyramid,multiscale_gf,0.48288166522979736,0.9403168123466258,0.9836683869361877,0.5216731429100037,0.002107728337236534,23779,0.9854491529573475,0.9670502731613775,0.9164168618266979,0.9890463522776415,0.9695023577264286,1.21
"20_MS_GF_Pyramid (radii=[2,4,8], eps=1e-03, boost=1.0/1.0)",2A_MultiScale_GF_Pyramid,multiscale_gf,0.4869406223297119,0.929308776684204,0.9851366877555847,0.5203362703323364,0.0029274004683840747,11698,0.98372449372094,0.9315540769195415,0.9155971896955504,0.9892025635092184,0.9662378921407992,1.15
"21_MS_GF_Gray_Pyramid (radii=[2,4,8], eps=1e-03, boost=1.0/1.0)",2A_MultiScale_GF_Pyramid,multiscale_gf,0.4905974864959717,0.9357683954894365,0.9850194454193115,0.5210050344467163,0.0029274004683840747,13834,0.9838414710333141,0.9419360000435909,0.9147072599531617,0.9890470531037523,0.9662920848532344,1.16
"20_MS_GF_Pyramid (radii=[2,4,8], eps=1e-03, boost=1.2/1.0)",2A_MultiScale_GF_Pyramid,multiscale_gf,0.4877029061317444,0.9305953171265917,0.9851531982421875,0.5208823084831238,0.0029274004683840747,13057,0.9840041476624932,0.9387822151228994,0.9157377049180327,0.9891930389694761,0.967068223112533,1.16
"21_MS_GF_Gray_Pyramid (radii=[2,4,8], eps=1e-03, boost=1.2/1.0)",2A_MultiScale_GF_Pyramid,multiscale_gf,0.49069222807884216,0.9337664246168879,0.9850537180900574,0.5219166874885559,0.0029274004683840747,15513,0.9840967001044915,0.9479470787335363,0.9147072599531616,0.9890187151516355,0.967068223112533,1.19
"20_MS_GF_Pyramid (radii=[2,4,8], eps=1e-03, boost=1.5/1.2)",2A_MultiScale_GF_Pyramid,multiscale_gf,0.48830878734588623,0.9352364201000232,0.9850417971611023,0.5215733051300049,0.0029274004683840747,15146,0.9846838126523283,0.9476879584503519,0.9160187353629977,0.9891798211697593,0.9679486679738891,1.16
"21_MS_GF_Gray_Pyramid (radii=[2,4,8], eps=1e-03, boost=1.5/1.2)",2A_MultiScale_GF_Pyramid,multiscale_gf,0.49003347754478455,0.9381496601528689,0.9848886728286743,0.5229976177215576,0.002107728337236534,18340,0.9850460188375005,0.9568861938870937,0.9162295081967213,0.9891478233435088,0.9687248898790964,1.14
"20_MS_GF_Pyramid (radii=[2,4,8], eps=1e-03, boost=2.0/1.5)",2A_MultiScale_GF_Pyramid,multiscale_gf,0.4853563904762268,0.9373600497497608,0.9844002723693848,0.5211067199707031,0.002107728337236534,18322,0.9859137904109943,0.9565381259121051,0.9153395784543327,0.9889878972177093,0.9687248898790964,1.16
"21_MS_GF_Gray_Pyramid (radii=[2,4,8], eps=1e-03, boost=2.0/1.5)",2A_MultiScale_GF_Pyramid,multiscale_gf,0.48367130756378174,0.9422543296088104,0.9837231636047363,0.5220399498939514,0.002107728337236534,22739,0.9855125991918243,0.9653643515847855,0.9164402810304451,0.9890547588418881,0.9695023577264286,1.15
"20_MS_GF_Pyramid (radii=[2,4,8], eps=1e-02, boost=1.0/1.0)",2A_MultiScale_GF_Pyramid,multiscale_gf,0.4874269962310791,0.9288573855930351,0.9851336479187012,0.5195979475975037,0.0029274004683840747,11652,0.9837782784160205,0.9313036626704925,0.9156908665105387,0.9892297383348373,0.9662378921407992,1.12
"21_MS_GF_Gray_Pyramid (radii=[2,4,8], eps=1e-02, boost=1.0/1.0)",2A_MultiScale_GF_Pyramid,multiscale_gf,0.48873862624168396,0.932161913136979,0.985019326210022,0.5199601650238037,0.0029274004683840747,12533,0.9838355273480456,0.9359009064290708,0.9148243559718969,0.9890731812387539,0.9662378921407992,1.13
"20_MS_GF_Pyramid (radii=[2,4,8], eps=1e-02, boost=1.2/1.0)",2A_MultiScale_GF_Pyramid,multiscale_gf,0.488685667514801,0.9363817891646998,0.9851611256599426,0.520868718624115,0.0029274004683840747,13037,0.9840176692859951,0.9387864127315931,0.916112412177986,0.9892548610465588,0.967068223112533,1.13
"21_MS_GF_Gray_Pyramid (radii=[2,4,8], eps=1e-02, boost=1.2/1.0)",2A_MultiScale_GF_Pyramid,multiscale_gf,0.48938918113708496,0.93048295037376,0.9850586652755737,0.5212493538856506,0.0029274004683840747,14081,0.9840759865447182,0.9432890233377956,0.9149882903981265,0.9890661954295772,0.967068223112533,1.14
"20_MS_GF_Pyramid (radii=[2,4,8], eps=1e-02, boost=1.5/1.2)",2A_MultiScale_GF_Pyramid,multiscale_gf,0.48990398645401,0.9379264988650963,0.9849748611450195,0.522650957107544,0.0029274004683840747,15167,0.9846547661934915,0.9477701327873297,0.9168149882903982,0.9892865139809298,0.9687248898790964,1.12
"21_MS_GF_Gray_Pyramid (radii=[2,4,8], eps=1e-02, boost=1.5/1.2)",2A_MultiScale_GF_Pyramid,multiscale_gf,0.48966437578201294,0.9406567267288147,0.9849090576171875,0.522806704044342,0.0029274004683840747,16562,0.9846926829438649,0.9517499545033735,0.9163700234192037,0.9891853035377721,0.9687248898790964,1.14
"20_MS_GF_Pyramid (radii=[2,4,8], eps=1e-02, boost=2.0/1.5)",2A_MultiScale_GF_Pyramid,multiscale_gf,0.4863099455833435,0.9414811609273873,0.9838433861732483,0.5228894352912903,0.002107728337236534,18395,0.985705181306329,0.9566711188366529,0.9169086651053864,0.9892198761701513,0.9703762510677902,1.13
"21_MS_GF_Gray_Pyramid (radii=[2,4,8], eps=1e-02, boost=2.0/1.5)",2A_MultiScale_GF_Pyramid,multiscale_gf,0.4848531484603882,0.9441134156160856,0.9837707281112671,0.522975504398346,0.002107728337236534,20431,0.985667525830955,0.9603398559382931,0.9165807962529274,0.9890858933160548,0.9695023577264286,1.14
"22_MS_GF_Average (radii=[2,4,8], eps=1e-04)",2B_MultiScale_GF_Avg,multiscale_gf,0.48784559965133667,0.9342346225704035,0.9848085045814514,0.5224633812904358,0.004566744730679157,7888,0.980133236943933,0.8979794325747154,0.9169320843091334,0.9894344185535338,0.9656823123650908,1.1
"22_MS_GF_Average (radii=[2,4,8], eps=1e-03)",2B_MultiScale_GF_Avg,multiscale_gf,0.4772934019565582,0.916675349673353,0.9842245578765869,0.5125309824943542,0.006206088992974239,6646,0.9794535018674438,0.8819688196619553,0.9111007025761124,0.9887476143489201,0.9633757462194232,1.13
"30_Bilateral_Smooth (d=5, sc=5, ss=3)",3_Bilateral_Smooth,bilateral_smooth,0.4834606647491455,0.9387570543340692,0.9844790697097778,0.5193505883216858,0.002107728337236534,18941,0.9839835861258558,0.9570194251982522,0.9149648711943794,0.9890245935155162,0.9679486679738891,1.35
"30_Bilateral_Smooth (d=9, sc=5, ss=3)",3_Bilateral_Smooth,bilateral_smooth,0.48356640338897705,0.9375362428556161,0.984431803226471,0.5194560289382935,0.002107728337236534,16895,0.9839079216656523,0.9516997426493187,0.9148477751756441,0.9890101357198731,0.9678972212898315,3.05
"30_Bilateral_Smooth (d=5, sc=5, ss=5)",3_Bilateral_Smooth,bilateral_smooth,0.48346590995788574,0.9387479761407888,0.9844782948493958,0.5193301439285278,0.002107728337236534,18863,0.9839847259240149,0.9568242426825169,0.9149648711943794,0.9890245935155162,0.9679486679738891,1.38
"30_Bilateral_Smooth (d=9, sc=5, ss=5)",3_Bilateral_Smooth,bilateral_smooth,0.48358118534088135,0.9373782585182137,0.9844225645065308,0.5194898247718811,0.002107728337236534,16607,0.9838939667870621,0.9507819584138564,0.914824355971897,0.9890073275411717,0.9678972212898315,3.07
"30_Bilateral_Smooth (d=5, sc=5, ss=10)",3_Bilateral_Smooth,bilateral_smooth,0.48346763849258423,0.9387453720529617,0.9844778776168823,0.5193381905555725,0.002107728337236534,18824,0.9839847259240149,0.9567291677332184,0.9149648711943794,0.9890245935155162,0.9679486679738891,1.46
"30_Bilateral_Smooth (d=9, sc=5, ss=10)",3_Bilateral_Smooth,bilateral_smooth,0.4835871756076813,0.9373111031562316,0.9844183921813965,0.5194897651672363,0.002107728337236534,16466,0.983874538326438,0.9502486070194753,0.914777517564403,0.9890024634133567,0.9678972212898315,3.05
"30_Bilateral_Smooth (d=5, sc=10, ss=3)",3_Bilateral_Smooth,bilateral_smooth,0.4840560853481293,0.9310946476656355,0.9845532178878784,0.519901692867279,0.002107728337236534,18221,0.9840899816557429,0.9553516220252074,0.9145667447306792,0.9889719214589483,0.9678972212898315,1.31
"30_Bilateral_Smooth (d=9, sc=10, ss=3)",3_Bilateral_Smooth,bilateral_smooth,0.48435986042022705,0.9393136130558352,0.9844929575920105,0.5201892852783203,0.002107728337236534,14654,0.9833533383513843,0.9446857098958014,0.9140749414519906,0.9889107752823578,0.9678972212898315,2.98
"30_Bilateral_Smooth (d=5, sc=10, ss=5)",3_Bilateral_Smooth,bilateral_smooth,0.48407477140426636,0.9311405922191648,0.9845536947250366,0.519926130771637,0.002107728337236534,18129,0.9840799658842554,0.9551321784254976,0.9145433255269321,0.988968604509801,0.9678972212898315,1.31
"30_Bilateral_Smooth (d=9, sc=10, ss=5)",3_Bilateral_Smooth,bilateral_smooth,0.4844043254852295,0.9392932836569504,0.9844782948493958,0.5202447772026062,0.002107728337236534,14172,0.9832968770371497,0.9426355407849527,0.9139812646370024,0.9888975255437197,0.9678972212898315,2.94
"30_Bilateral_Smooth (d=5, sc=10, ss=10)",3_Bilateral_Smooth,bilateral_smooth,0.48408228158950806,0.9311578390029696,0.984553873538971,0.5199204087257385,0.002107728337236534,18090,0.984080568782152,0.9550894085416243,0.9145433255269321,0.988968604509801,0.9678972212898315,1.29
"30_Bilateral_Smooth (d=9, sc=10, ss=10)",3_Bilateral_Smooth,bilateral_smooth,0.48442304134368896,0.9392685759549414,0.9844714403152466,0.5202475786209106,0.002107728337236534,13978,0.9832859483696508,0.9419178778210725,0.9139812646370024,0.9888975255437197,0.9678972212898315,2.93
"30_Bilateral_Smooth (d=5, sc=20, ss=3)",3_Bilateral_Smooth,bilateral_smooth,0.4844541549682617,0.9341448132664693,0.9846388697624207,0.5199270248413086,0.002107728337236534,17961,0.9838858538682879,0.9550368858374194,0.9144496487119437,0.9889487362121152,0.9678972212898315,1.3
"30_Bilateral_Smooth (d=9, sc=20, ss=3)",3_Bilateral_Smooth,bilateral_smooth,0.48496365547180176,0.9339425367414453,0.9846374988555908,0.5209950804710388,0.0029274004683840747,13399,0.9830597397161805,0.9398636050713259,0.9130444964871194,0.9887672795298246,0.9663461038713249,2.95
"30_Bilateral_Smooth (d=5, sc=20, ss=5)",3_Bilateral_Smooth,bilateral_smooth,0.48448646068573,0.9342113478646348,0.9846415519714355,0.5199252367019653,0.002107728337236534,17873,0.9838942588275161,0.9548301486081031,0.9144262295081966,0.988946066162757,0.9678972212898315,1.32
"30_Bilateral_Smooth (d=9, sc=20, ss=5)",3_Bilateral_Smooth,bilateral_smooth,0.48500144481658936,0.9339648429209013,0.9846264123916626,0.5211935043334961,0.0029274004683840747,12807,0.9829984543718052,0.9368870719383562,0.912903981264637,0.9887486121553806,0.9663461038713249,2.95
"30_Bilateral_Smooth (d=5, sc=20, ss=10)",3_Bilateral_Smooth,bilateral_smooth,0.484500527381897,0.9342346090408972,0.9846426844596863,0.5199370384216309,0.002107728337236534,17823,0.9838923186119257,0.9547072657858132,0.9144262295081966,0.988946066162757,0.9678972212898315,1.29
"30_Bilateral_Smooth (d=9, sc=20, ss=10)",3_Bilateral_Smooth,bilateral_smooth,0.4850130081176758,0.9339949299786307,0.9846206307411194,0.5212711691856384,0.0029274004683840747,12540,0.9829622301834312,0.9358897539817453,0.912927400468384,0.9887507767984838,0.9662378921407992,2.96
"40_Bilateral_Sharp (sc=5, ss=5, beta=0.5)",4_Bilateral_Sharpening,bilateral_sharp,0.4826110005378723,0.9309955318352457,0.9844601154327393,0.5187248587608337,0.002107728337236534,26213,0.9843241716892032,0.968543165817511,0.9156674473067916,0.9891169102750311,0.9687248898790964,3.01
"40_Bilateral_Sharp (sc=5, ss=5, beta=1.0)",4_Bilateral_Sharpening,bilateral_sharp,0.48217687010765076,0.932906967749809,0.9844408631324768,0.5184352993965149,0.002107728337236534,29809,0.9844439834435394,0.9721626091226336,0.9160889929742388,0.9891723702517166,0.9687248898790964,3.11
"40_Bilateral_Sharp (sc=5, ss=5, beta=1.5)",4_Bilateral_Sharpening,bilateral_sharp,0.4816878139972687,0.93678185639471,0.9844067096710205,0.5181055665016174,0.002107728337236534,33350,0.9845518637411778,0.9748210269772654,0.9164168618266978,0.9892109798906246,0.9695023577264286,3.03
"40_Bilateral_Sharp (sc=5, ss=5, beta=2.0)",4_Bilateral_Sharpening,bilateral_sharp,0.48114028573036194,0.9332835727122043,0.9843581914901733,0.5176948308944702,0.002107728337236534,36731,0.9847744420544385,0.976959701555509,0.916791569086651,0.9892559183295861,0.9695023577264286,3.1
"40_Bilateral_Sharp (sc=10, ss=5, beta=0.5)",4_Bilateral_Sharpening,bilateral_sharp,0.4819774031639099,0.9395004387832708,0.9843964576721191,0.518194854259491,0.002107728337236534,27425,0.9843058517486252,0.9698404007443588,0.916112412177986,0.9891774502789459,0.9687248898790964,3.29
"40_Bilateral_Sharp (sc=10, ss=5, beta=1.0)",4_Bilateral_Sharpening,bilateral_sharp,0.4807598292827606,0.9320700111968023,0.984291136264801,0.517208456993103,0.002107728337236534,32084,0.9845850110583346,0.9740197815286004,0.9168852459016393,0.9892666194652032,0.9695023577264286,3.05
"40_Bilateral_Sharp (sc=10, ss=5, beta=1.5)",4_Bilateral_Sharpening,bilateral_sharp,0.4793289601802826,0.936251256481392,0.9841485619544983,0.5161103010177612,0.001288056206088993,36496,0.9847630889966512,0.976997406079351,0.9176346604215457,0.9893598948388456,0.9695023577264286,3.15
"40_Bilateral_Sharp (sc=10, ss=5, beta=2.0)",4_Bilateral_Sharpening,bilateral_sharp,0.4776832163333893,0.9339950505653082,0.9839693307876587,0.5151011347770691,0.001288056206088993,40663,0.9850184441049379,0.979003578072623,0.9185480093676816,0.9894676762575529,0.9695512320764531,3.06
"40_Bilateral_Sharp (sc=20, ss=5, beta=0.5)",4_Bilateral_Sharpening,bilateral_sharp,0.4810853600502014,0.937468724466107,0.9842520356178284,0.517370879650116,0.002107728337236534,28086,0.9840874279055194,0.9704669174042894,0.9164168618266979,0.9892124784451435,0.9695023577264286,3.02
"40_Bilateral_Sharp (sc=20, ss=5, beta=1.0)",4_Bilateral_Sharpening,bilateral_sharp,0.478587806224823,0.9381003053562147,0.9839519262313843,0.51545649766922,0.001288056206088993,33271,0.9842816308956385,0.9748416169932901,0.9176580796252929,0.9893688360449557,0.9695023577264286,3.02
"40_Bilateral_Sharp (sc=20, ss=5, beta=1.5)",4_Bilateral_Sharpening,bilateral_sharp,0.4755043387413025,0.9390792102694897,0.9835584759712219,0.5132034420967102,0.001288056206088993,38170,0.9842792413727444,0.9776533141055289,0.9188992974238877,0.989529897411094,0.9703762510677902,3.02
"40_Bilateral_Sharp (sc=20, ss=5, beta=2.0)",4_Bilateral_Sharpening,bilateral_sharp,0.4718414545059204,0.9352866324918155,0.9830716252326965,0.5104151368141174,0.001288056206088993,42640,0.9843678812564405,0.9804579293721846,0.9198594847775176,0.9896586590354162,0.9711999500288027,3.05
"50_MS_Bilateral_Pyramid (sc=[5,10,20], gains=1.0/1.0)",5_MS_Bilateral_Pyramid,multiscale_bilateral,0.4834606647491455,0.9387570543340692,0.9844790697097778,0.5193505883216858,0.002107728337236534,18941,0.9839835861258558,0.9570194251982522,0.9149648711943794,0.9890245935155162,0.9679486679738891,10.37
"50_MS_Bilateral_Pyramid (sc=[5,10,20], gains=1.5/1.2)",5_MS_Bilateral_Pyramid,multiscale_bilateral,0.4816820025444031,0.9373724676574524,0.9843969941139221,0.517581045627594,0.002107728337236534,23270,0.9843660250271187,0.9648311293574341,0.9163231850117095,0.9892020363345021,0.9695023577264286,10.35
"50_MS_Bilateral_Pyramid (sc=[5,10,20], gains=2.0/1.5)",5_MS_Bilateral_Pyramid,multiscale_bilateral,0.47864672541618347,0.9373526130703779,0.9841728210449219,0.5151401162147522,0.002107728337236534,27686,0.9848798780989049,0.9702913471434567,0.9179859484777517,0.9894021963792076,0.9695512320764531,10.23
"60_GF(r=2,eps=1e-04) -> Bilateral_Sharp(sc=5,beta=0.5)",6A_Cascaded_Hybrid,cascaded_gf_bilateral,0.4869157671928406,0.935191903712231,0.9851298332214355,0.5215158462524414,0.0029274004683840747,13460,0.9836628519244864,0.9403494764004406,0.9164637002341921,0.9892863778170177,0.967068223112533,3.16
"60_GF(r=2,eps=1e-04) -> Bilateral_Sharp(sc=5,beta=1.0)",6A_Cascaded_Hybrid,cascaded_gf_bilateral,0.48670879006385803,0.931624202195424,0.9851554036140442,0.5214056968688965,0.0029274004683840747,14813,0.9839162786663979,0.9458277437161553,0.9169320843091335,0.9893416964176261,0.9679486679738891,3.16
"60_GF(r=2,eps=1e-04) -> Bilateral_Sharp(sc=10,beta=0.5)",6A_Cascaded_Hybrid,cascaded_gf_bilateral,0.4867294430732727,0.9372924080318844,0.9851194024085999,0.5212296843528748,0.0029274004683840747,13747,0.983905638379931,0.9414455855541253,0.9171194379391101,0.9893631751609095,0.9687248898790964,3.24
"60_GF(r=2,eps=1e-04) -> Bilateral_Sharp(sc=10,beta=1.0)",6A_Cascaded_Hybrid,cascaded_gf_bilateral,0.4862295985221863,0.9290630487361593,0.9851213097572327,0.5206074714660645,0.0029274004683840747,15410,0.984232120598186,0.9479573190254321,0.9176580796252928,0.9894292202561328,0.9687248898790964,3.19
"60_GF(r=2,eps=1e-04) -> Bilateral_Sharp(sc=20,beta=0.5)",6A_Cascaded_Hybrid,cascaded_gf_bilateral,0.48657166957855225,0.9366215820337611,0.9850884079933167,0.5210034847259521,0.0029274004683840747,13931,0.983905023187713,0.9421178772795418,0.9172599531615926,0.989375843039168,0.9687248898790964,3.27
"60_GF(r=2,eps=1e-04) -> Bilateral_Sharp(sc=20,beta=1.0)",6A_Cascaded_Hybrid,cascaded_gf_bilateral,0.48566365242004395,0.9349108205518396,0.9850370287895203,0.5198307037353516,0.0029274004683840747,15771,0.9841370705210849,0.9490715838964191,0.9176814988290398,0.9894238107036775,0.9687248898790964,3.2
"60_GF(r=2,eps=1e-03) -> Bilateral_Sharp(sc=5,beta=0.5)",6A_Cascaded_Hybrid,cascaded_gf_bilateral,0.48684796690940857,0.9347244595185908,0.9851671457290649,0.520143985748291,0.0029274004683840747,13063,0.9838097336642805,0.9389390895301508,0.9159250585480094,0.9892407202317219,0.9662378921407992,3.2
"60_GF(r=2,eps=1e-03) -> Bilateral_Sharp(sc=5,beta=1.0)",6A_Cascaded_Hybrid,cascaded_gf_bilateral,0.4867204427719116,0.9316502872883553,0.98518967628479,0.5199374556541443,0.0029274004683840747,14349,0.983961527829198,0.944346227283627,0.9161592505854801,0.9892671856962842,0.9662378921407992,3.17
"60_GF(r=2,eps=1e-03) -> Bilateral_Sharp(sc=10,beta=0.5)",6A_Cascaded_Hybrid,cascaded_gf_bilateral,0.4868376851081848,0.9365378496621505,0.9851607084274292,0.519904375076294,0.0029274004683840747,13345,0.9839292855499842,0.9401841374152969,0.916440281030445,0.9893010844505732,0.9662920848532344,3.15
"60_GF(r=2,eps=1e-03) -> Bilateral_Sharp(sc=10,beta=1.0)",6A_Cascaded_Hybrid,cascaded_gf_bilateral,0.4866199493408203,0.9289834019683736,0.9851652383804321,0.5193633437156677,0.0029274004683840747,14987,0.9842568474144937,0.9463867979833532,0.9170023419203748,0.9893665619222902,0.967068223112533,3.2
"60_GF(r=2,eps=1e-03) -> Bilateral_Sharp(sc=20,beta=0.5)",6A_Cascaded_Hybrid,cascaded_gf_bilateral,0.48713672161102295,0.9371891575625988,0.9851479530334473,0.5198798179626465,0.0029274004683840747,13513,0.9840539297711995,0.9404465065396697,0.9166510538641686,0.9893249634766679,0.967068223112533,3.19
"60_GF(r=2,eps=1e-03) -> Bilateral_Sharp(sc=20,beta=1.0)",6A_Cascaded_Hybrid,cascaded_gf_bilateral,0.4870406687259674,0.9353746430579397,0.9851193428039551,0.5190176367759705,0.0029274004683840747,15269,0.9843940589877984,0.9477311145571015,0.9174473067915692,0.989414876550242,0.9671210406409249,3.17
"60_GF(r=4,eps=1e-04) -> Bilateral_Sharp(sc=5,beta=0.5)",6A_Cascaded_Hybrid,cascaded_gf_bilateral,0.4872989058494568,0.9290788100527649,0.9848483204841614,0.5223104357719421,0.003747072599531616,7820,0.9808173093955038,0.8990903307942877,0.9168149882903982,0.9894102812344227,0.9656823123650908,3.22
"60_GF(r=4,eps=1e-04) -> Bilateral_Sharp(sc=5,beta=1.0)",6A_Cascaded_Hybrid,cascaded_gf_bilateral,0.48712724447250366,0.9345834010728943,0.9848893880844116,0.5220545530319214,0.003747072599531616,8348,0.9809903745681692,0.9047076745366529,0.9172599531615925,0.9894624916836063,0.9656823123650908,3.14
"60_GF(r=4,eps=1e-04) -> Bilateral_Sharp(sc=10,beta=0.5)",6A_Cascaded_Hybrid,cascaded_gf_bilateral,0.48721233010292053,0.9286154368961598,0.9848538637161255,0.5219594240188599,0.003747072599531616,7902,0.9809461174684757,0.8999198444376225,0.9171662763466042,0.9894516565795186,0.9656823123650908,3.3
"60_GF(r=4,eps=1e-04) -> Bilateral_Sharp(sc=10,beta=1.0)",6A_Cascaded_Hybrid,cascaded_gf_bilateral,0.48686328530311584,0.9339639670939914,0.9848911762237549,0.521446704864502,0.003747072599531616,8521,0.9812706393820284,0.9064667727489155,0.9179391100702575,0.9895445139844463,0.9671210406409249,3.13
"60_GF(r=4,eps=1e-04) -> Bilateral_Sharp(sc=20,beta=0.5)",6A_Cascaded_Hybrid,cascaded_gf_bilateral,0.4872700870037079,0.9266182345273454,0.9848524332046509,0.5217301249504089,0.003747072599531616,7958,0.9810113134685617,0.9005803866946396,0.9174707259953161,0.9894875889204845,0.9671210406409249,3.13
"60_GF(r=4,eps=1e-04) -> Bilateral_Sharp(sc=20,beta=1.0)",6A_Cascaded_Hybrid,cascaded_gf_bilateral,0.48675036430358887,0.9295322430100844,0.9848722219467163,0.5208771228790283,0.0029274004683840747,8647,0.9821845596520931,0.9078796938349254,0.9183138173302108,0.9895917294884984,0.9678972212898315,3.15
"60_GF(r=4,eps=1e-03) -> Bilateral_Sharp(sc=5,beta=0.5)",6A_Cascaded_Hybrid,cascaded_gf_bilateral,0.4774194359779358,0.9235649467512642,0.9842795133590698,0.5129626989364624,0.006206088992974239,6561,0.9800464191469804,0.883620385596025,0.9118266978922717,0.9888020330966956,0.9633757462194232,3.18
"60_GF(r=4,eps=1e-03) -> Bilateral_Sharp(sc=5,beta=1.0)",6A_Cascaded_Hybrid,cascaded_gf_bilateral,0.4774293303489685,0.9190440398048783,0.984313428401947,0.5128964185714722,0.006206088992974239,6929,0.9801885536716509,0.8901275484613594,0.911967213114754,0.9888194847081645,0.9633757462194232,3.22
"60_GF(r=4,eps=1e-03) -> Bilateral_Sharp(sc=10,beta=0.5)",6A_Cascaded_Hybrid,cascaded_gf_bilateral,0.477704256772995,0.9231336257842492,0.9843007922172546,0.5128708481788635,0.006206088992974239,6603,0.9803643797267708,0.8846340417547738,0.9119672131147541,0.9888191632648686,0.9633757462194232,3.2
"60_GF(r=4,eps=1e-03) -> Bilateral_Sharp(sc=10,beta=1.0)",6A_Cascaded_Hybrid,cascaded_gf_bilateral,0.4779523015022278,0.9173478916207144,0.9843498468399048,0.512690544128418,0.006206088992974239,7003,0.9808280276706899,0.8913178861583618,0.9124824355971898,0.9888800934116033,0.9633757462194232,3.17
"60_GF(r=4,eps=1e-03) -> Bilateral_Sharp(sc=20,beta=0.5)",6A_Cascaded_Hybrid,cascaded_gf_bilateral,0.4784574508666992,0.9214310240516124,0.9843450784683228,0.5133441090583801,0.006206088992974239,6626,0.9805942505007431,0.8849701232029071,0.9122716627634662,0.9888581412570214,0.9633757462194232,3.17
"60_GF(r=4,eps=1e-03) -> Bilateral_Sharp(sc=20,beta=1.0)",6A_Cascaded_Hybrid,cascaded_gf_bilateral,0.4793674051761627,0.9249768753132898,0.9844279289245605,0.5136293172836304,0.006206088992974239,7055,0.9809011489696184,0.8921973067155002,0.9130913348946135,0.9889612933880187,0.9633757462194232,3.24
"61_MS_GF_Pyramid -> Bilateral_Sharp(sc=10, beta=0.5)",6B_Pyramid_Hybrid,ms_gf_bilateral_sharp,0.4875067472457886,0.9382354498870223,0.9851654171943665,0.5203673839569092,0.0029274004683840747,14868,0.984350232145707,0.9463268489680279,0.9165807962529274,0.989293259417158,0.9671210406409249,3.31
"61_MS_GF_Pyramid -> Bilateral_Sharp(sc=10, beta=1.0)",6B_Pyramid_Hybrid,ms_gf_bilateral_sharp,0.48718389868736267,0.9302769474358401,0.9851560592651367,0.5197277665138245,0.0029274004683840747,16753,0.984536964489779,0.9520845192305398,0.9173770491803279,0.989393884620104,0.9679486679738891,3.37
"61_MS_GF_Pyramid -> Bilateral_Sharp(sc=10, beta=1.5)",6B_Pyramid_Hybrid,ms_gf_bilateral_sharp,0.4867329001426697,0.9375871826460795,0.9851267337799072,0.5190232992172241,0.0029274004683840747,18607,0.9846905910179083,0.9567330761090105,0.917775175644028,0.9894388575679514,0.9687248898790964,3.27
"62_GF(r=2,eps=1e-3) + BG_Floor(p=20%) + Bilateral_Sharp(sc=10,beta=1.0)",6C_Floor_Hybrid,gf_floor_bilateral,0.496054083108902,0.9388028318296424,0.9860520362854004,0.5287240147590637,0.007135050741608118,11363,0.9592468333320878,0.9242935006252164,0.9099297423887588,0.9884063771544671,0.9655724079933307,3.52
"62_GF(r=2,eps=1e-3) + BG_Floor(p=30%) + Bilateral_Sharp(sc=10,beta=1.0)",6C_Floor_Hybrid,gf_floor_bilateral,0.4965163469314575,0.9430519326601893,0.9861040115356445,0.5293592214584351,0.007135050741608118,10964,0.9553040018323737,0.9211792130611856,0.9095784543325527,0.9883496768409543,0.9655724079933307,3.53
"62_GF(r=2,eps=1e-3) + BG_Floor(p=40%) + Bilateral_Sharp(sc=10,beta=1.0)",6C_Floor_Hybrid,gf_floor_bilateral,0.49690183997154236,0.9382797436560407,0.9860279560089111,0.5298694372177124,0.009852367176378747,10388,0.9505065067253667,0.9160070836629304,0.9094613583138174,0.9883091434825437,0.9655171914027534,3.44
