Config_Name,Bank_Choice,w_ano,w_good,w_neg,knn_k,hard_ano_th,hard_neg_th,supp_factor,mode,tau,morph_open_k,bg_floor_pct,R-FP-RegionCount,R-MissRate,R-PixelCoverage,P-AP,P-AUPRO,P-AUROC,P-F1,I-AUROC,I-AP,I-F1,Elapsed_s
"Grid-Weight [wa=2.0, wg=0.8, wn=0.5]",combined,2.0,0.8,0.5,3,0.15,,1.0,weighted_margin,0.1,0,0.0,22843.0,0.002107728337236534,0.9842617296055056,0.4839779734611511,0.7008552035297049,0.9845855236053467,0.52,0.9195316159250584,0.9896127263343102,0.9679486679738891,2.9566
"Grid-Weight [wa=2.0, wg=1.0, wn=0.5]",combined,2.0,1.0,0.5,3,0.15,,1.0,weighted_margin,0.1,0,0.0,22843.0,0.002107728337236534,0.9842617296055056,0.48388126492500305,0.7007402235829303,0.9845858216285706,0.52,0.9191334894613583,0.9895531959946429,0.9687248898790964,2.8896
"Grid-Weight [wa=1.5, wg=0.8, wn=0.5]",combined,1.5,0.8,0.5,3,0.15,,1.0,weighted_margin,0.1,0,0.0,22843.0,0.002107728337236534,0.9842617296055056,0.48381567001342773,0.7006407965779247,0.9845802187919617,0.52,0.9186416861826698,0.9894931978354539,0.9687248898790964,2.9304
"Grid-Weight [wa=2.0, wg=1.2, wn=0.5]",combined,2.0,1.2,0.5,3,0.15,,1.0,weighted_margin,0.1,0,0.0,22840.0,0.002107728337236534,0.9842571758714438,0.48377546668052673,0.7006066355592139,0.9845813512802124,0.52,0.9183138173302108,0.9894440110823916,0.9687248898790964,2.9472
"Softmax-Fusion [tau=0.05, wn=1.5]",combined,1.2,1.0,1.5,3,0.15,,1.2,softmax,0.05,0,0.0,20648.0,0.003747072599531616,0.9819983431661773,0.4819861650466919,0.6727660038361126,0.9843522906303406,0.52,0.9181967213114755,0.9893976468646208,0.9704708199468945,3.0863
"Grid-Weight [wa=2.0, wg=1.0, wn=0.8]",combined,2.0,1.0,0.8,3,0.15,,1.0,weighted_margin,0.1,0,0.0,22843.0,0.002107728337236534,0.9842526221373817,0.48373788595199585,0.7005929440414068,0.9845681190490723,0.52,0.9178454332552692,0.9894057073430327,0.9679486679738891,2.8672
"Grid-Weight [wa=2.0, wg=1.2, wn=0.8]",combined,2.0,1.2,0.8,3,0.15,,1.0,weighted_margin,0.1,0,0.0,22840.0,0.002107728337236534,0.9842526221373817,0.48371607065200806,0.7005502839308703,0.9845724701881409,0.52,0.9177985948477753,0.9893833922940449,0.9687248898790964,2.8588
"Grid-Weight [wa=2.0, wg=1.5, wn=0.5]",combined,2.0,1.5,0.5,3,0.15,,1.0,weighted_margin,0.1,0,0.0,22773.0,0.002107728337236534,0.9842505780672293,0.48362427949905396,0.7002241150766525,0.9845715761184692,0.52,0.917728337236534,0.9893684450785163,0.9687248898790964,2.8821
"Grid-Weight [wa=1.5, wg=1.0, wn=0.5]",combined,1.5,1.0,0.5,3,0.15,,1.0,weighted_margin,0.1,0,0.0,22820.0,0.002107728337236534,0.9842551318012913,0.48369908332824707,0.7003292377604748,0.9845767617225647,0.52,0.917704918032787,0.9893666156330749,0.9687248898790964,2.9261
"Grid-Weight [wa=2.0, wg=1.5, wn=0.8]",combined,2.0,1.5,0.8,3,0.15,,1.0,weighted_margin,0.1,0,0.0,22773.0,0.002107728337236534,0.9842505780672293,0.4836117625236511,0.7002136337682957,0.9845702648162842,0.52,0.9176580796252929,0.9893601626881279,0.9687248898790964,2.8626
"Grid-Weight [wa=1.5, wg=1.2, wn=0.5]",combined,1.5,1.2,0.5,3,0.15,,1.0,weighted_margin,0.1,0,0.0,22712.0,0.002107728337236534,0.9842505780672293,0.48357534408569336,0.7000676977457537,0.9845677614212036,0.52,0.9175878220140515,0.9893506325253474,0.9687248898790964,3.0265
04. Three-Bank Baseline (PeakFP_825),peak_fp,1.0,1.0,1.0,3,0.15,,1.0,weighted_margin,0.1,0,0.0,22203.0,0.002107728337236534,0.9838124597495271,0.48334795236587524,0.6995736375717502,0.9845333099365234,0.52,0.9175409836065574,0.9893342957813442,0.9687248898790964,2.9497
04. Three-Bank Baseline (Edge_1650),edge,1.0,1.0,1.0,3,0.15,,1.0,weighted_margin,0.1,0,0.0,22067.0,0.002107728337236534,0.9842177420810391,0.48334333300590515,0.6994928740872247,0.984531819820404,0.52,0.9175409836065573,0.9893345384014174,0.9687248898790964,2.9501
"Grid-Weight [wa=1.2, wg=0.8, wn=0.5]",combined,1.2,0.8,0.5,3,0.15,,1.0,weighted_margin,0.1,0,0.0,22818.0,0.002107728337236534,0.9842505780672293,0.48366838693618774,0.7003008696375607,0.9845718145370483,0.52,0.9174941451990634,0.9893422501029969,0.9687248898790964,2.8911
"Grid-Weight [wa=1.2, wg=1.0, wn=0.5]",combined,1.2,1.0,0.5,3,0.15,,1.0,weighted_margin,0.1,0,0.0,22670.0,0.002107728337236534,0.9842441971074941,0.4835374355316162,0.7000274744130183,0.9845646619796753,0.52,0.9174707259953162,0.9893353722644556,0.9695023577264286,2.9738
"Softmax-Fusion [tau=0.1, wn=1.5]",combined,1.2,1.0,1.5,3,0.15,,1.2,softmax,0.1,0,0.0,20831.0,0.003747072599531616,0.9821974195727108,0.48240983486175537,0.680648359912207,0.9844381809234619,0.52,0.917400468384075,0.9893133283939515,0.9696485123329854,3.045
"Grid-Weight [wa=1.0, wg=0.8, wn=0.5]",combined,1.0,0.8,0.5,3,0.15,,1.0,weighted_margin,0.1,0,0.0,22704.0,0.002107728337236534,0.9842505780672293,0.4835350811481476,0.7000221113368706,0.984561562538147,0.52,0.9172833723653396,0.9893157862837372,0.9687248898790964,2.9229
"Grid-Weight [wa=2.0, wg=1.5, wn=1.0]",combined,2.0,1.5,1.0,3,0.15,,1.0,weighted_margin,0.1,0,0.0,22763.0,0.002107728337236534,0.9842505780672293,0.48355698585510254,0.7001528109329529,0.9845610857009888,0.52,0.9172599531615926,0.989313193921743,0.9687248898790964,2.8805
"Grid-Weight [wa=1.5, wg=1.5, wn=0.5]",combined,1.5,1.5,0.5,3,0.15,,1.0,weighted_margin,0.1,0,0.0,22398.0,0.002107728337236534,0.9842268495491628,0.4834038019180298,0.6997538355947832,0.9845516681671143,0.52,0.9172599531615926,0.9893053622616179,0.9695023577264286,2.8975
02. Baseline Two-Stage: Good + Anomaly (2-Bank),combined,1.0,1.0,0.001,3,,,1.0,weighted_margin,0.1,0,0.0,22398.0,0.002107728337236534,0.9842268495491628,0.4834038019180298,0.6997538355947832,0.9845516085624695,0.52,0.9172599531615926,0.9893053622616179,0.9695023577264286,3.0195
03. Two-Stage + Hard Trigger (d_ano<=0.15),combined,1.0,1.0,0.001,3,0.15,,1.0,weighted_margin,0.1,0,0.0,22398.0,0.002107728337236534,0.9842268495491628,0.4834038019180298,0.6997538355947832,0.9845516085624695,0.52,0.9172599531615926,0.9893053622616179,0.9695023577264286,3.0038
"Grid-Weight [wa=1.2, wg=1.2, wn=0.5]",combined,1.2,1.2,0.5,3,0.15,,1.0,weighted_margin,0.1,0,0.0,22397.0,0.002107728337236534,0.9842268495491628,0.4834020137786865,0.6997523584673435,0.9845515489578247,0.52,0.9172599531615926,0.9893053622616179,0.9695023577264286,2.8867
"Softmax-Fusion [tau=0.1, wn=2.0]",combined,1.2,1.0,2.0,3,0.15,,1.2,softmax,0.1,0,0.0,20720.0,0.003747072599531616,0.981665276610272,0.4818970263004303,0.6748052902842487,0.9842814803123474,0.52,0.9172365339578454,0.9892877576695761,0.9704708199468945,3.053
"Grid-Weight [wa=1.5, wg=1.2, wn=0.8]",combined,1.5,1.2,0.8,3,0.15,,1.0,weighted_margin,0.1,0,0.0,22692.0,0.002107728337236534,0.9842505780672293,0.4835079312324524,0.6999914309014648,0.9845568537712097,0.52,0.9172365339578453,0.9893104901259925,0.9687248898790964,2.8829
"Grid-Weight [wa=1.0, wg=1.0, wn=0.5]",combined,1.0,1.0,0.5,3,0.15,,1.0,weighted_margin,0.1,0,0.0,22392.0,0.002107728337236534,0.9842268495491628,0.48339420557022095,0.6997409718080865,0.9845508933067322,0.52,0.9171896955503513,0.9892974784453448,0.9695023577264286,3.0023
"Grid-Weight [wa=1.5, wg=1.5, wn=0.8]",combined,1.5,1.5,0.8,3,0.15,,1.0,weighted_margin,0.1,0,0.0,22384.0,0.002107728337236534,0.9842268495491628,0.48338961601257324,0.6997350155371684,0.9845501184463501,0.52,0.9171662763466043,0.9892945850233191,0.9695023577264286,2.9006
"Grid-Weight [wa=1.0, wg=1.2, wn=0.5]",combined,1.0,1.2,0.5,3,0.15,,1.0,weighted_margin,0.1,0,0.0,22081.0,0.002107728337236534,0.9838108812731317,0.4832514524459839,0.6992231621316496,0.9845343828201294,0.52,0.9171194379391101,0.9892858128371987,0.9695023577264286,2.9252
"Grid-Weight [wa=1.0, wg=1.5, wn=0.5]",combined,1.0,1.5,0.5,3,0.15,,1.0,weighted_margin,0.1,0,0.0,21741.0,0.002107728337236534,0.9837022823427521,0.4830622673034668,0.6981126212719568,0.9845083951950073,0.52,0.9170960187353631,0.9892816614345579,0.9695023577264286,2.9449
"Grid-Weight [wa=0.8, wg=1.2, wn=0.5]",combined,0.8,1.2,0.5,3,0.15,,1.0,weighted_margin,0.1,0,0.0,21739.0,0.002107728337236534,0.9837022823427521,0.48306018114089966,0.6981102855428352,0.9845083355903625,0.52,0.9170960187353631,0.9892816614345579,0.9695023577264286,2.8987
"Grid-Weight [wa=2.0, wg=0.8, wn=0.8]",combined,2.0,0.8,0.8,3,0.15,,1.0,weighted_margin,0.1,0,0.0,22843.0,0.002107728337236534,0.9842526221373817,0.4837402105331421,0.7006163506243289,0.9845659732818604,0.52,0.917096018735363,0.989324569888276,0.9671736890181506,2.8724
"Grid-Weight [wa=1.5, wg=1.0, wn=0.8]",combined,1.5,1.0,0.8,3,0.15,,1.0,weighted_margin,0.1,0,0.0,22791.0,0.002107728337236534,0.9842505780672293,0.48353543877601624,0.7001528820280047,0.9845544099807739,0.52,0.917096018735363,0.9893009054127873,0.9679486679738891,2.8995
"Grid-Weight [wa=1.2, wg=1.5, wn=0.5]",combined,1.2,1.5,0.5,3,0.15,,1.0,weighted_margin,0.1,0,0.0,21995.0,0.002107728337236534,0.9837908563146887,0.48321884870529175,0.699089075087918,0.9845300912857056,0.52,0.9170491803278689,0.989277659879241,0.9695023577264286,2.9447
"Grid-Weight [wa=2.0, wg=1.2, wn=1.0]",combined,2.0,1.2,1.0,3,0.15,,1.0,weighted_margin,0.1,0,0.0,22831.0,0.002107728337236534,0.9842526221373817,0.48358428478240967,0.7003161082003473,0.9845573902130127,0.52,0.9170257611241218,0.9892942719527231,0.9687248898790964,2.89
"Grid-Weight [wa=1.0, wg=1.5, wn=0.8]",combined,1.0,1.5,0.8,3,0.15,,1.0,weighted_margin,0.1,0,0.0,21718.0,0.002107728337236534,0.9836910153718773,0.48304641246795654,0.6980781682518217,0.984506368637085,0.52,0.9170257611241218,0.9892737469652553,0.9695023577264286,2.8644
"Grid-Weight [wa=0.8, wg=0.8, wn=0.5]",combined,0.8,0.8,0.5,3,0.15,,1.0,weighted_margin,0.1,0,0.0,22365.0,0.002107728337236534,0.9842268495491628,0.4833585023880005,0.6996978622681642,0.9845442771911621,0.52,0.9169789227166277,0.9892721082772038,0.9695023577264286,2.9057
"Grid-Weight [wa=0.8, wg=1.0, wn=0.5]",combined,0.8,1.0,0.5,3,0.15,,1.0,weighted_margin,0.1,0,0.0,21985.0,0.002107728337236534,0.9837908563146887,0.48320847749710083,0.699080387061171,0.9845292568206787,0.52,0.9169555035128806,0.9892665863957494,0.9695023577264286,2.9961
"Grid-Weight [wa=2.0, wg=1.5, wn=1.2]",combined,2.0,1.5,1.2,3,0.15,,1.0,weighted_margin,0.1,0,0.0,22722.0,0.002107728337236534,0.9842505780672293,0.4834449589252472,0.7000197783919895,0.9845466017723083,0.52,0.9168852459016393,0.989274705002342,0.9686746488153443,2.933
"Grid-Weight [wa=1.2, wg=1.5, wn=0.8]",combined,1.2,1.5,0.8,3,0.15,,1.0,weighted_margin,0.1,0,0.0,21972.0,0.002107728337236534,0.9837908563146887,0.483203649520874,0.6990703430367915,0.9845282435417175,0.52,0.9168852459016393,0.9892587698640899,0.9695023577264286,2.8782
"Grid-Weight [wa=0.8, wg=1.5, wn=0.5]",combined,0.8,1.5,0.5,3,0.15,,1.0,weighted_margin,0.1,0,0.0,21501.0,0.0029274004683840747,0.9831545023173468,0.4828682839870453,0.6958762685249789,0.9844772815704346,0.52,0.9168618266978922,0.9892539701989238,0.9695023577264286,2.9766
"Grid-Weight [wa=1.2, wg=1.2, wn=0.8]",combined,1.2,1.2,0.8,3,0.15,,1.0,weighted_margin,0.1,0,0.0,22352.0,0.002107728337236534,0.9842268495491628,0.4833296537399292,0.6996583220855684,0.9845389127731323,0.52,0.9167915690866509,0.9892517754899597,0.9695023577264286,2.9534
"Grid-Weight [wa=1.5, wg=1.5, wn=1.0]",combined,1.5,1.5,1.0,3,0.15,,1.0,weighted_margin,0.1,0,0.0,22352.0,0.002107728337236534,0.9842268495491628,0.4833296537399292,0.6996583220855684,0.9845389127731323,0.52,0.9167915690866509,0.9892517754899597,0.9695023577264286,2.8903
"Grid-Weight [wa=0.8, wg=1.5, wn=0.8]",combined,0.8,1.5,0.8,3,0.15,,1.0,weighted_margin,0.1,0,0.0,21494.0,0.0029274004683840747,0.9831545023173468,0.4828520119190216,0.6958154757811945,0.9844749569892883,0.52,0.9167915690866509,0.9892457667110517,0.9695023577264286,2.9445
"Softmax-Fusion [tau=0.2, wn=2.0]",combined,1.2,1.0,2.0,3,0.15,,1.2,softmax,0.2,0,0.0,20952.0,0.0029274004683840747,0.9827357464935906,0.48228129744529724,0.683286656810127,0.984373927116394,0.52,0.9167681498829039,0.9892385345493497,0.9689242528277355,2.9973
"Softmax-Fusion [tau=0.2, wn=1.5]",combined,1.2,1.0,1.5,3,0.15,,1.2,softmax,0.2,0,0.0,21027.0,0.0029274004683840747,0.9830071811063315,0.4825339913368225,0.6873799279269038,0.9844386577606201,0.52,0.9167213114754099,0.9892353347481604,0.9681020234019901,3.0252
"Grid-Weight [wa=1.2, wg=1.0, wn=0.8]",combined,1.2,1.0,0.8,3,0.15,,1.0,weighted_margin,0.1,0,0.0,22585.0,0.002107728337236534,0.9842441971074941,0.48336082696914673,0.6998044619465087,0.9845384359359741,0.52,0.9167213114754098,0.9892505200653533,0.9686746488153443,2.8845
"Grid-Weight [wa=1.0, wg=1.2, wn=0.8]",combined,1.0,1.2,0.8,3,0.15,,1.0,weighted_margin,0.1,0,0.0,22010.0,0.002107728337236534,0.9837996143022568,0.483176052570343,0.6991052585032387,0.9845203161239624,0.52,0.9166744730679157,0.9892362294348274,0.9695023577264286,3.0994
"Softmax-Fusion [tau=0.2, wn=1.0]",combined,1.2,1.0,1.0,3,0.15,,1.2,softmax,0.2,0,0.0,21359.0,0.0029274004683840747,0.9833742259992266,0.4830324649810791,0.6946749275437519,0.984535813331604,0.52,0.9166510538641687,0.98923185131417,0.9679486679738891,3.0645
"Grid-Weight [wa=1.2, wg=1.5, wn=1.0]",combined,1.2,1.5,1.0,3,0.15,,1.0,weighted_margin,0.1,0,0.0,21922.0,0.002107728337236534,0.9837795893438138,0.4831410050392151,0.6989574877017646,0.9845156669616699,0.52,0.9166276346604216,0.9892312111383395,0.9695023577264286,2.8974
"Grid-Weight [wa=1.5, wg=1.2, wn=1.0]",combined,1.5,1.2,1.0,3,0.15,,1.0,weighted_margin,0.1,0,0.0,22620.0,0.002107728337236534,0.9842505780672293,0.48336246609687805,0.6998123827340456,0.9845380187034607,0.52,0.9166276346604215,0.9892415794246423,0.9687248898790964,2.8814
"Grid-Weight [wa=0.8, wg=1.2, wn=0.8]",combined,0.8,1.2,0.8,3,0.15,,1.0,weighted_margin,0.1,0,0.0,21684.0,0.002107728337236534,0.9836910153718773,0.4829827845096588,0.6979067276459231,0.9844927787780762,0.52,0.9166042154566745,0.989228059409173,0.9695023577264286,2.957
"Grid-Weight [wa=1.0, wg=1.5, wn=1.0]",combined,1.0,1.5,1.0,3,0.15,,1.0,weighted_margin,0.1,0,0.0,21684.0,0.002107728337236534,0.9836910153718773,0.4829827845096588,0.6979067276459231,0.9844927787780762,0.52,0.9166042154566745,0.989228059409173,0.9695023577264286,2.8592
"Softmax-Fusion [tau=0.05, wn=2.0]",combined,1.2,1.0,2.0,3,0.15,,1.2,softmax,0.05,0,0.0,20535.0,0.003747072599531616,0.9806011794860316,0.48131871223449707,0.6683546244214527,0.9840778708457947,0.52,0.9165573770491803,0.9891987781275094,0.9712459564224423,3.0289
"Grid-Weight [wa=0.8, wg=1.5, wn=1.0]",combined,0.8,1.5,1.0,3,0.15,,1.0,weighted_margin,0.1,0,0.0,21464.0,0.0029274004683840747,0.983120602297108,0.482788622379303,0.6955927023210511,0.9844602346420288,0.52,0.916440281030445,0.989207672955273,0.9695023577264286,2.9439
"MultiScale-KNN [k=1, Patches=5]",combined,1.2,1.0,1.5,1,0.15,,1.0,weighted_margin,0.1,0,0.0,21669.0,0.002107728337236534,0.9837812209721891,0.48307713866233826,0.6977790237235775,0.9845263957977295,0.52,0.9163700234192038,0.9892066577823364,0.9679486679738891,2.8748
"Grid-Weight [wa=1.0, wg=1.0, wn=0.8]",combined,1.0,1.0,0.8,3,0.15,,1.0,weighted_margin,0.1,0,0.0,22257.0,0.002107728337236534,0.984215582578288,0.4832095503807068,0.6994688520639174,0.9845215082168579,0.52,0.9162997658079626,0.9891978890710347,0.9687248898790964,2.9571
"Grid-Weight [wa=1.5, wg=1.5, wn=1.2]",combined,1.5,1.5,1.2,3,0.15,,1.0,weighted_margin,0.1,0,0.0,22257.0,0.002107728337236534,0.984215582578288,0.4832095205783844,0.6994688520639174,0.9845215082168579,0.52,0.9162997658079626,0.9891978890710347,0.9687248898790964,2.9575
"Grid-Weight [wa=2.0, wg=1.0, wn=1.0]",combined,2.0,1.0,1.0,3,0.15,,1.0,weighted_margin,0.1,0,0.0,22834.0,0.002107728337236534,0.9842526221373817,0.48358750343322754,0.7003179354830773,0.9845567941665649,0.52,0.9162763466042154,0.989212068666515,0.9671736890181506,2.879
"Softmax-Fusion [tau=0.1, wn=1.0]",combined,1.2,1.0,1.0,3,0.15,,1.2,softmax,0.1,0,0.0,21341.0,0.0029274004683840747,0.9834112655583204,0.48349735140800476,0.6945305721784365,0.9846335053443909,0.52,0.9162529274004684,0.9891969560920155,0.9656823123650908,3.0307
"Grid-Weight [wa=0.8, wg=1.0, wn=0.8]",combined,0.8,1.0,0.8,3,0.15,,1.0,weighted_margin,0.1,0,0.0,21838.0,0.002107728337236534,0.9837704818756898,0.4830178916454315,0.698660604464874,0.9844961166381836,0.52,0.9162295081967213,0.9891858675426098,0.9687248898790964,2.9079
"Grid-Weight [wa=1.2, wg=1.5, wn=1.2]",combined,1.2,1.5,1.2,3,0.15,,1.0,weighted_margin,0.1,0,0.0,21838.0,0.002107728337236534,0.9837704818756898,0.4830179214477539,0.698660604464874,0.9844961166381836,0.52,0.9162295081967213,0.9891858675426098,0.9687248898790964,2.8783
"Grid-Weight [wa=1.2, wg=1.2, wn=1.0]",combined,1.2,1.2,1.0,3,0.15,,1.0,weighted_margin,0.1,0,0.0,22213.0,0.002107728337236534,0.984215582578288,0.48317697644233704,0.6994058641374544,0.9845172166824341,0.52,0.916135831381733,0.9891775634771656,0.9687248898790964,2.8744
"Grid-Weight [wa=2.0, wg=0.8, wn=1.0]",combined,2.0,0.8,1.0,3,0.15,,1.0,weighted_margin,0.1,0,0.0,22834.0,0.002107728337236534,0.9842526221373817,0.48358890414237976,0.7003239505437692,0.98455810546875,0.52,0.9161124121779859,0.9891937271945823,0.9671736890181506,2.9018
"Grid-Weight [wa=1.0, wg=1.5, wn=1.2]",combined,1.0,1.5,1.2,3,0.15,,1.0,weighted_margin,0.1,0,0.0,21636.0,0.002107728337236534,0.9836512994715054,0.4828595221042633,0.6973223762551077,0.9844716191291809,0.52,0.9160889929742388,0.9891684013408428,0.9686746488153443,2.877
"Grid-Weight [wa=1.5, wg=0.8, wn=0.8]",combined,1.5,0.8,0.8,3,0.15,,1.0,weighted_margin,0.1,0,0.0,22809.0,0.002107728337236534,0.9842526221373817,0.48354020714759827,0.7001918235903408,0.984553337097168,0.52,0.9160421545667446,0.9891819096503339,0.9671736890181506,2.8976
"Grid-Weight [wa=1.0, wg=1.2, wn=1.0]",combined,1.0,1.2,1.0,3,0.15,,1.0,weighted_margin,0.1,0,0.0,21897.0,0.002107728337236534,0.9837905068341329,0.4830203056335449,0.6987246703563997,0.9844963550567627,0.52,0.9159484777517565,0.9891557484247847,0.9686746488153443,2.9394
"Grid-Weight [wa=2.0, wg=1.0, wn=1.2]",combined,2.0,1.0,1.2,3,0.15,,1.0,weighted_margin,0.1,0,0.0,22763.0,0.002107728337236534,0.9842526221373817,0.4834522008895874,0.7000669701583089,0.9845474362373352,0.52,0.9159016393442623,0.9891636959032278,0.9679486679738891,2.9179
"Grid-Weight [wa=2.0, wg=1.2, wn=1.2]",combined,2.0,1.2,1.2,3,0.15,,1.0,weighted_margin,0.1,0,0.0,22762.0,0.002107728337236534,0.9842526221373817,0.483450710773468,0.700064843440079,0.9845460653305054,0.52,0.9159016393442623,0.9891634688716011,0.9679486679738891,2.9499
"Grid-Weight [wa=2.0, wg=0.8, wn=1.2]",combined,2.0,0.8,1.2,3,0.15,,1.0,weighted_margin,0.1,0,0.0,22763.0,0.002107728337236534,0.9842526221373817,0.48345255851745605,0.7000671755359433,0.9845479726791382,0.52,0.9158782201405152,0.9891605932192513,0.9679486679738891,2.9544
"Grid-Weight [wa=0.8, wg=1.2, wn=1.0]",combined,0.8,1.2,1.0,3,0.15,,1.0,weighted_margin,0.1,0,0.0,21616.0,0.002107728337236534,0.9836310606534526,0.4828267991542816,0.6971466338087968,0.9844663143157959,0.52,0.9158548009367682,0.9891411472150642,0.9686746488153443,2.8852
"Grid-Weight [wa=1.2, wg=0.8, wn=0.8]",combined,1.2,0.8,0.8,3,0.15,,1.0,weighted_margin,0.1,0,0.0,22679.0,0.002107728337236534,0.9842505780672293,0.4833674430847168,0.6998494478670013,0.9845384359359741,0.52,0.9158313817330211,0.9891517402010639,0.9679486679738891,2.9727
"Grid-Weight [wa=1.5, wg=1.0, wn=1.0]",combined,1.5,1.0,1.0,3,0.15,,1.0,weighted_margin,0.1,0,0.0,22679.0,0.002107728337236534,0.9842505780672293,0.4833674430847168,0.6998494478670013,0.9845384359359741,0.52,0.9158313817330211,0.9891517402010639,0.9679486679738891,2.9032
"Grid-Weight [wa=1.5, wg=0.8, wn=1.0]",combined,1.5,0.8,1.0,3,0.15,,1.0,weighted_margin,0.1,0,0.0,22685.0,0.002107728337236534,0.9842526221373817,0.4833691418170929,0.6998527683531823,0.9845402240753174,0.52,0.9158079625292741,0.9891494158708578,0.9679486679738891,2.8829
"Grid-Weight [wa=0.8, wg=1.5, wn=1.2]",combined,0.8,1.5,1.2,3,0.15,,1.0,weighted_margin,0.1,0,0.0,21411.0,0.0029274004683840747,0.9830535023438749,0.4826681613922119,0.6949927563867082,0.9844375848770142,0.52,0.915784543325527,0.9891305127664263,0.9686746488153443,2.9685
"Softmax-Fusion [tau=0.5, wn=2.0]",combined,1.2,1.0,2.0,3,0.15,,1.2,softmax,0.5,0,0.0,21183.0,0.0029274004683840747,0.9827689350525521,0.4823784828186035,0.6897323956598933,0.9843775629997253,0.52,0.915784543325527,0.9891290069655183,0.9679486679738891,2.9953
"MultiScale-KNN [k=2, Patches=5]",combined,1.2,1.0,1.5,2,0.15,,1.0,weighted_margin,0.1,0,0.0,21669.0,0.002107728337236534,0.9837366843261657,0.48295313119888306,0.6976903280664214,0.9844883680343628,0.52,0.9157611241217798,0.989136609678253,0.9678972212898315,2.9115
"Softmax-Fusion [tau=0.5, wn=1.5]",combined,1.2,1.0,1.5,3,0.15,,1.2,softmax,0.5,0,0.0,21227.0,0.0029274004683840747,0.9828847409974436,0.4824589490890503,0.6912459356406282,0.9843974113464355,0.52,0.9157142857142857,0.9891219176484027,0.9679486679738891,2.9915
"Grid-Weight [wa=2.0, wg=1.5, wn=1.5]",combined,2.0,1.5,1.5,3,0.15,,1.0,weighted_margin,0.1,0,0.0,22505.0,0.002107728337236534,0.9842319339130436,0.4832712709903717,0.699684015130639,0.9845285415649414,0.52,0.9156674473067916,0.9891290395636416,0.9679486679738891,2.8659
"Margin-Shaping [gamma=0.5, delta=0.1]",combined,1.2,1.0,1.5,3,0.15,,1.5,weighted_margin,0.1,0,0.0,21132.0,0.0029274004683840747,0.9833273153102392,0.4827914834022522,0.6896041427192998,0.9845094680786133,0.52,0.9156440281030443,0.9891190110078564,0.9664536241540718,2.8718
"MultiScale-KNN [k=2, Patches=1]",combined,1.2,1.0,1.5,2,0.15,,1.0,weighted_margin,0.1,0,0.0,21722.0,0.002107728337236534,0.9836962747356048,0.4829031825065613,0.6969430359761035,0.9844834804534912,0.52,0.9156206088992974,0.9891141885212273,0.9678972212898315,2.9175
"MultiScale-KNN [k=2, Patches=3]",combined,1.2,1.0,1.5,2,0.15,,1.0,weighted_margin,0.1,0,0.0,21706.0,0.002107728337236534,0.9837193367678345,0.48291778564453125,0.6975484060705904,0.9844828248023987,0.52,0.9155971896955503,0.9891176118858531,0.9678456091826,2.8636
01. Baseline: Raw Single-Stage,combined,1.0,1.0,1.0,3,,,0.0,weighted_margin,0.1,0,0.0,22801.0,0.002107728337236534,0.9842064751101641,0.48301294445991516,0.6992193832802358,0.9844777584075928,0.52,0.9155737704918033,0.9891140440534929,0.9687248898790964,1.6563
"MultiScale-KNN [k=1, Patches=3]",combined,1.2,1.0,1.5,1,0.15,,1.0,weighted_margin,0.1,0,0.0,21714.0,0.002107728337236534,0.9837460921665685,0.4830329418182373,0.697499515146579,0.9845190048217773,0.52,0.9155737704918032,0.9891176177992433,0.9678456091826,2.8339
"Softmax-Fusion [tau=0.5, wn=1.0]",combined,1.2,1.0,1.0,3,0.15,,1.2,softmax,0.5,0,0.0,21350.0,0.0029274004683840747,0.9830605988731094,0.482616126537323,0.6940183374449983,0.9844328761100769,0.52,0.9155503512880563,0.9891033363570467,0.9686746488153443,3.0818
"MultiScale-KNN [k=1, Patches=1]",combined,1.2,1.0,1.5,1,0.15,,1.0,weighted_margin,0.1,0,0.0,21743.0,0.002107728337236534,0.9837164323301244,0.4830208420753479,0.6965074538974553,0.9845207929611206,0.52,0.9155269320843092,0.9891062878645394,0.9678456091826,2.8993
"Grid-Weight [wa=2.0, wg=1.0, wn=1.5]",combined,2.0,1.0,1.5,3,0.15,,1.0,weighted_margin,0.1,0,0.0,22513.0,0.002107728337236534,0.9842319339130436,0.48327335715293884,0.6996959351622039,0.9845308065414429,0.52,0.9155269320843091,0.9891133528274954,0.9679486679738891,2.9159
"Grid-Weight [wa=2.0, wg=0.8, wn=1.5]",combined,2.0,0.8,1.5,3,0.15,,1.0,weighted_margin,0.1,0,0.0,22513.0,0.002107728337236534,0.9842319339130436,0.48327335715293884,0.6996959342082892,0.9845308661460876,0.52,0.9155269320843091,0.9891133528274954,0.9679486679738891,2.8791
"Grid-Weight [wa=2.0, wg=1.2, wn=1.5]",combined,2.0,1.2,1.5,3,0.15,,1.0,weighted_margin,0.1,0,0.0,22513.0,0.002107728337236534,0.9842319339130436,0.48327311873435974,0.699695460415416,0.9845304489135742,0.52,0.9155035128805621,0.98911019033326,0.9679486679738891,2.8661
"Grid-Weight [wa=1.0, wg=0.8, wn=0.8]",combined,1.0,0.8,0.8,3,0.15,,1.0,weighted_margin,0.1,0,0.0,22399.0,0.002107728337236534,0.9842176266484405,0.4832174777984619,0.6995830651366928,0.9845225811004639,0.52,0.9154566744730679,0.9891009026421187,0.9678972212898315,2.9998
"Grid-Weight [wa=1.5, wg=1.2, wn=1.2]",combined,1.5,1.2,1.2,3,0.15,,1.0,weighted_margin,0.1,0,0.0,22399.0,0.002107728337236534,0.9842176266484405,0.4832174777984619,0.6995830651366928,0.9845225811004639,0.52,0.9154566744730679,0.9891009026421187,0.9678972212898315,2.9641
"MultiScale-KNN [k=5, Patches=1]",combined,1.2,1.0,1.5,5,0.15,,1.0,weighted_margin,0.1,0,0.0,21713.0,0.002107728337236534,0.9836489968798722,0.48280638456344604,0.6972130420944666,0.9844613671302795,0.52,0.9154332552693208,0.9890909237160385,0.9679486679738891,2.8695
"Grid-Weight [wa=1.5, wg=1.0, wn=1.2]",combined,1.5,1.0,1.2,3,0.15,,1.0,weighted_margin,0.1,0,0.0,22410.0,0.002107728337236534,0.9842176266484405,0.4832192063331604,0.6995906536780448,0.9845243692398071,0.52,0.9154098360655738,0.9890968767181076,0.9678972212898315,2.9594
"Grid-Weight [wa=1.5, wg=0.8, wn=1.2]",combined,1.5,0.8,1.2,3,0.15,,1.0,weighted_margin,0.1,0,0.0,22409.0,0.002107728337236534,0.9842176266484405,0.48321959376335144,0.6995917565693986,0.9845249652862549,0.52,0.9153864168618268,0.9890938382933232,0.9678972212898315,2.9211
"Grid-Weight [wa=0.8, wg=0.8, wn=0.8]",combined,0.8,0.8,0.8,3,0.15,,1.0,weighted_margin,0.1,0,0.0,22012.0,0.002107728337236534,0.9837966390445904,0.4830271601676941,0.6989525057849993,0.9844985604286194,0.52,0.9153864168618268,0.9890916503096124,0.9686746488153443,3.0593
"Grid-Weight [wa=1.2, wg=1.2, wn=1.2]",combined,1.2,1.2,1.2,3,0.15,,1.0,weighted_margin,0.1,0,0.0,22012.0,0.002107728337236534,0.9837966390445904,0.4830271601676941,0.6989525057849993,0.9844985604286194,0.52,0.9153864168618268,0.9890916503096124,0.9686746488153443,2.8777
"Grid-Weight [wa=1.5, wg=1.5, wn=1.5]",combined,1.5,1.5,1.5,3,0.15,,1.0,weighted_margin,0.1,0,0.0,22012.0,0.002107728337236534,0.9837966390445904,0.4830271601676941,0.6989525057849993,0.9844985604286194,0.52,0.9153864168618268,0.9890916503096124,0.9686746488153443,2.8803
04. Three-Bank Baseline (Combined_2975),combined,1.0,1.0,1.0,3,0.15,,1.0,weighted_margin,0.1,0,0.0,22012.0,0.002107728337236534,0.9837966390445904,0.4830271601676941,0.6989525057849993,0.9844985008239746,0.52,0.9153864168618268,0.9890916503096124,0.9686746488153443,2.9016
"Grid-Weight [wa=1.0, wg=1.0, wn=1.0]",combined,1.0,1.0,1.0,3,0.15,,1.0,weighted_margin,0.1,0,0.0,22012.0,0.002107728337236534,0.9837966390445904,0.4830271601676941,0.6989525057849993,0.9844985008239746,0.52,0.9153864168618268,0.9890916503096124,0.9686746488153443,2.9901
"MultiScale-KNN [k=3, Patches=1]",combined,1.2,1.0,1.5,3,0.15,,1.0,weighted_margin,0.1,0,0.0,21719.0,0.002107728337236534,0.9837026556953402,0.4828261733055115,0.6970695934874205,0.9844745397567749,0.52,0.9153864168618266,0.9890849635738277,0.9679486679738891,2.9389
"Grid-Weight [wa=1.2, wg=1.0, wn=1.0]",combined,1.2,1.0,1.0,3,0.15,,1.0,weighted_margin,0.1,0,0.0,22313.0,0.002107728337236534,0.984215582578288,0.4831830859184265,0.6994858974251638,0.9845185279846191,0.52,0.9153629976580797,0.989089358977175,0.9678972212898315,2.8863
"Grid-Weight [wa=1.2, wg=1.0, wn=1.2]",combined,1.2,1.0,1.2,3,0.15,,1.0,weighted_margin,0.1,0,0.0,22028.0,0.002107728337236534,0.9837966390445904,0.4830291271209717,0.6989638149029047,0.9845006465911865,0.52,0.9153629976580796,0.9890896146297642,0.9686746488153443,2.866
"Grid-Weight [wa=1.2, wg=0.8, wn=1.2]",combined,1.2,0.8,1.2,3,0.15,,1.0,weighted_margin,0.1,0,0.0,22030.0,0.002107728337236534,0.983798683114743,0.48302948474884033,0.6989654461858521,0.9845013618469238,0.52,0.9153395784543326,0.9890870423072111,0.9686746488153443,2.8886
"Grid-Weight [wa=1.5, wg=1.0, wn=1.5]",combined,1.5,1.0,1.5,3,0.15,,1.0,weighted_margin,0.1,0,0.0,22030.0,0.002107728337236534,0.983798683114743,0.48302948474884033,0.6989654461858521,0.9845013618469238,0.52,0.9153395784543326,0.9890870423072111,0.9686746488153443,2.8888
"Grid-Weight [wa=1.5, wg=0.8, wn=1.5]",combined,1.5,0.8,1.5,3,0.15,,1.0,weighted_margin,0.1,0,0.0,22030.0,0.002107728337236534,0.983798683114743,0.48302948474884033,0.6989654436116716,0.9845013618469238,0.52,0.9153395784543326,0.9890870423072111,0.9686746488153443,2.8991
"Grid-Weight [wa=2.0, wg=0.8, wn=2.0]",combined,2.0,0.8,2.0,3,0.15,,1.0,weighted_margin,0.1,0,0.0,22030.0,0.002107728337236534,0.983798683114743,0.48302948474884033,0.6989654436116716,0.9845013618469238,0.52,0.9153395784543326,0.9890870423072111,0.9686746488153443,2.8755
"Grid-Weight [wa=2.0, wg=1.0, wn=2.0]",combined,2.0,1.0,2.0,3,0.15,,1.0,weighted_margin,0.1,0,0.0,22030.0,0.002107728337236534,0.983798683114743,0.48302948474884033,0.6989654436116716,0.9845013618469238,0.52,0.9153395784543326,0.9890870423072111,0.9686746488153443,2.8535
"Grid-Weight [wa=2.0, wg=1.2, wn=2.0]",combined,2.0,1.2,2.0,3,0.15,,1.0,weighted_margin,0.1,0,0.0,22030.0,0.002107728337236534,0.983798683114743,0.48302948474884033,0.6989654436116716,0.9845013618469238,0.52,0.9153395784543326,0.9890870423072111,0.9686746488153443,2.8968
"Grid-Weight [wa=2.0, wg=1.5, wn=2.0]",combined,2.0,1.5,2.0,3,0.15,,1.0,weighted_margin,0.1,0,0.0,22030.0,0.002107728337236534,0.983798683114743,0.48302942514419556,0.6989647565669803,0.9845012426376343,0.52,0.9153395784543326,0.9890870423072111,0.9686746488153443,2.8366
"Grid-Weight [wa=1.5, wg=1.2, wn=1.5]",combined,1.5,1.2,1.5,3,0.15,,1.0,weighted_margin,0.1,0,0.0,22029.0,0.002107728337236534,0.983798683114743,0.48302921652793884,0.6989640218489934,0.9845009446144104,0.52,0.9153395784543326,0.9890870423072111,0.9686746488153443,2.873
"Grid-Weight [wa=1.0, wg=0.8, wn=1.0]",combined,1.0,0.8,1.0,3,0.15,,1.0,weighted_margin,0.1,0,0.0,22029.0,0.002107728337236534,0.983798683114743,0.48302924633026123,0.6989640218489934,0.9845008850097656,0.52,0.9153395784543326,0.9890870423072111,0.9686746488153443,2.9228
"Grid-Weight [wa=1.2, wg=0.8, wn=1.0]",combined,1.2,0.8,1.0,3,0.15,,1.0,weighted_margin,0.1,0,0.0,22326.0,0.002107728337236534,0.9842176266484405,0.4831850230693817,0.6994922403703252,0.984520673751831,0.52,0.9153161592505855,0.9890851554782947,0.9678972212898315,2.8844
"MultiScale-KNN [k=3, Patches=5]",combined,1.2,1.0,1.5,3,0.15,,1.0,weighted_margin,0.1,0,0.0,21670.0,0.002107728337236534,0.9837366843261657,0.4828660190105438,0.6976621187870375,0.984477698802948,0.52,0.9152927400468385,0.989080727590246,0.9679486679738891,2.8918
"MultiScale-KNN [k=5, Patches=5]",combined,1.2,1.0,1.5,5,0.15,,1.0,weighted_margin,0.1,0,0.0,21676.0,0.002107728337236534,0.9836929991056593,0.4828336536884308,0.6977031360002972,0.9844619631767273,0.52,0.9151990632318502,0.9890704675808814,0.9686746488153443,2.9015
"Margin-Shaping [gamma=1.5, delta=0.05]",combined,1.2,1.0,1.5,3,0.15,,1.5,weighted_margin,0.1,0,0.0,21994.0,0.002107728337236534,0.983785704350793,0.48296886682510376,0.6987438561708778,0.984481155872345,0.52,0.9151756440281031,0.9890680406963233,0.9686746488153443,2.9272
"Grid-Weight [wa=1.0, wg=1.2, wn=1.2]",combined,1.0,1.2,1.2,3,0.15,,1.0,weighted_margin,0.1,0,0.0,21729.0,0.002107728337236534,0.9837421171545957,0.48286953568458557,0.6978058056013382,0.9844752550125122,0.52,0.915175644028103,0.9890654728883117,0.9686746488153443,2.8832
"MultiScale-KNN [k=5, Patches=3]",combined,1.2,1.0,1.5,5,0.15,,1.0,weighted_margin,0.1,0,0.0,21695.0,0.002107728337236534,0.983684325326494,0.48281586170196533,0.6976287135645998,0.9844613075256348,0.52,0.915175644028103,0.9890651350320014,0.9686746488153443,2.9359
"Threshold-Grid [h_ano=0.1, Suppress=0.8]",combined,1.2,1.0,1.5,3,0.1,,0.8,weighted_margin,0.1,0,0.0,21828.0,0.002107728337236534,0.9837525862546359,0.48286885023117065,0.698232899827736,0.9844722747802734,0.52,0.915152224824356,0.9890649508722524,0.9686746488153443,2.8683
"Threshold-Grid [h_ano=0.12, Suppress=0.8]",combined,1.2,1.0,1.5,3,0.12,,0.8,weighted_margin,0.1,0,0.0,21828.0,0.002107728337236534,0.9837525862546359,0.48286885023117065,0.698232899827736,0.9844722747802734,0.52,0.915152224824356,0.9890649508722524,0.9686746488153443,2.9187
"Threshold-Grid [h_ano=0.15, Suppress=0.8]",combined,1.2,1.0,1.5,3,0.15,,0.8,weighted_margin,0.1,0,0.0,21828.0,0.002107728337236534,0.9837525862546359,0.48286885023117065,0.698232899827736,0.9844722747802734,0.52,0.915152224824356,0.9890649508722524,0.9686746488153443,2.8837
"Threshold-Grid [h_ano=0.18, Suppress=0.8]",combined,1.2,1.0,1.5,3,0.18,,0.8,weighted_margin,0.1,0,0.0,21828.0,0.002107728337236534,0.9837525862546359,0.48286885023117065,0.698232899827736,0.9844722747802734,0.52,0.915152224824356,0.9890649508722524,0.9686746488153443,2.9362
"Threshold-Grid [h_ano=0.2, Suppress=0.8]",combined,1.2,1.0,1.5,3,0.2,,0.8,weighted_margin,0.1,0,0.0,21828.0,0.002107728337236534,0.9837525862546359,0.48286885023117065,0.698232899827736,0.9844722747802734,0.52,0.915152224824356,0.9890649508722524,0.9686746488153443,2.8758
"Threshold-Grid [h_ano=None, Suppress=0.8]",combined,1.2,1.0,1.5,3,,,0.8,weighted_margin,0.1,0,0.0,21828.0,0.002107728337236534,0.9837525862546359,0.48286885023117065,0.698232899827736,0.9844722747802734,0.52,0.915152224824356,0.9890649508722524,0.9686746488153443,2.8984
"Grid-Weight [wa=0.8, wg=1.0, wn=1.0]",combined,0.8,1.0,1.0,3,0.15,,1.0,weighted_margin,0.1,0,0.0,21685.0,0.002107728337236534,0.9836931795989341,0.4828342795372009,0.6975309923458717,0.9844696521759033,0.52,0.915152224824356,0.9890618825940475,0.9686746488153443,2.8813
"Grid-Weight [wa=1.2, wg=1.5, wn=1.5]",combined,1.2,1.5,1.5,3,0.15,,1.0,weighted_margin,0.1,0,0.0,21685.0,0.002107728337236534,0.9836931795989341,0.4828343093395233,0.6975309923458717,0.9844696521759033,0.52,0.915152224824356,0.9890618825940475,0.9686746488153443,2.9168
"Margin-Shaping [gamma=2.0, delta=0.0]",combined,1.2,1.0,1.5,3,0.15,,1.5,weighted_margin,0.1,0,0.0,22185.0,0.002107728337236534,0.983785704350793,0.48297232389450073,0.6990430523331032,0.9844748973846436,0.52,0.9151288056206089,0.9890626790336983,0.9686746488153443,2.8922
"Grid-Weight [wa=0.8, wg=1.2, wn=1.2]",combined,0.8,1.2,1.2,3,0.15,,1.0,weighted_margin,0.1,0,0.0,21495.0,0.0029274004683840747,0.98314545085548,0.48267862200737,0.6958036734559789,0.9844427108764648,0.52,0.9151288056206089,0.9890574348656846,0.9686746488153443,2.8896
"Grid-Weight [wa=1.0, wg=1.5, wn=1.5]",combined,1.0,1.5,1.5,3,0.15,,1.0,weighted_margin,0.1,0,0.0,21495.0,0.0029274004683840747,0.98314545085548,0.4826785922050476,0.6958036734559789,0.9844427108764648,0.52,0.9151288056206089,0.9890574348656846,0.9686746488153443,2.9535
"Grid-Weight [wa=1.2, wg=1.0, wn=1.5]",combined,1.2,1.0,1.5,3,0.15,,1.0,weighted_margin,0.1,0,0.0,21701.0,0.002107728337236534,0.9837193367678345,0.4828367531299591,0.6975613775488428,0.9844728708267212,0.52,0.9151053864168618,0.9890574634211615,0.9686746488153443,2.9179
"MultiScale-KNN [k=3, Patches=3]",combined,1.2,1.0,1.5,3,0.15,,1.0,weighted_margin,0.1,0,0.0,21701.0,0.002107728337236534,0.9837193367678345,0.4828367531299591,0.6975613775488428,0.9844728708267212,0.52,0.9151053864168618,0.9890574634211615,0.9686746488153443,2.8775
"Threshold-Grid [h_ano=0.1, Suppress=1.0]",combined,1.2,1.0,1.5,3,0.1,,1.0,weighted_margin,0.1,0,0.0,21701.0,0.002107728337236534,0.9837193367678345,0.4828367531299591,0.6975613775488428,0.9844728708267212,0.52,0.9151053864168618,0.9890574634211615,0.9686746488153443,2.925
"Threshold-Grid [h_ano=0.12, Suppress=1.0]",combined,1.2,1.0,1.5,3,0.12,,1.0,weighted_margin,0.1,0,0.0,21701.0,0.002107728337236534,0.9837193367678345,0.4828367531299591,0.6975613775488428,0.9844728708267212,0.52,0.9151053864168618,0.9890574634211615,0.9686746488153443,2.8638
"Threshold-Grid [h_ano=0.15, Suppress=1.0]",combined,1.2,1.0,1.5,3,0.15,,1.0,weighted_margin,0.1,0,0.0,21701.0,0.002107728337236534,0.9837193367678345,0.4828367531299591,0.6975613775488428,0.9844728708267212,0.52,0.9151053864168618,0.9890574634211615,0.9686746488153443,2.8808
"Threshold-Grid [h_ano=0.18, Suppress=1.0]",combined,1.2,1.0,1.5,3,0.18,,1.0,weighted_margin,0.1,0,0.0,21701.0,0.002107728337236534,0.9837193367678345,0.4828367531299591,0.6975613775488428,0.9844728708267212,0.52,0.9151053864168618,0.9890574634211615,0.9686746488153443,2.9044
"Threshold-Grid [h_ano=0.2, Suppress=1.0]",combined,1.2,1.0,1.5,3,0.2,,1.0,weighted_margin,0.1,0,0.0,21701.0,0.002107728337236534,0.9837193367678345,0.4828367531299591,0.6975613775488428,0.9844728708267212,0.52,0.9151053864168618,0.9890574634211615,0.9686746488153443,2.9726
"Threshold-Grid [h_ano=None, Suppress=1.0]",combined,1.2,1.0,1.5,3,,,1.0,weighted_margin,0.1,0,0.0,21701.0,0.002107728337236534,0.9837193367678345,0.4828367531299591,0.6975613775488428,0.9844728708267212,0.52,0.9151053864168618,0.9890574634211615,0.9686746488153443,2.8988
"Grid-Weight [wa=1.2, wg=0.8, wn=1.5]",combined,1.2,0.8,1.5,3,0.15,,1.0,weighted_margin,0.1,0,0.0,21701.0,0.002107728337236534,0.9837193367678345,0.4828367233276367,0.6975613768688335,0.984472930431366,0.52,0.9151053864168618,0.9890574634211615,0.9686746488153443,2.9791
"Grid-Weight [wa=2.0, wg=0.8, wn=2.5]",combined,2.0,0.8,2.5,3,0.15,,1.0,weighted_margin,0.1,0,0.0,21701.0,0.002107728337236534,0.9837193367678345,0.4828367233276367,0.6975613768688335,0.9844728708267212,0.52,0.9151053864168618,0.9890574634211615,0.9686746488153443,2.9341
"Grid-Weight [wa=2.0, wg=1.0, wn=2.5]",combined,2.0,1.0,2.5,3,0.15,,1.0,weighted_margin,0.1,0,0.0,21701.0,0.002107728337236534,0.9837193367678345,0.4828367233276367,0.6975613768688335,0.9844728708267212,0.52,0.9151053864168618,0.9890574634211615,0.9686746488153443,2.8907
"Grid-Weight [wa=2.0, wg=1.2, wn=2.5]",combined,2.0,1.2,2.5,3,0.15,,1.0,weighted_margin,0.1,0,0.0,21701.0,0.002107728337236534,0.9837193367678345,0.4828367233276367,0.6975613768688335,0.9844728708267212,0.52,0.9151053864168618,0.9890574634211615,0.9686746488153443,2.9208
"Grid-Weight [wa=2.0, wg=1.5, wn=2.5]",combined,2.0,1.5,2.5,3,0.15,,1.0,weighted_margin,0.1,0,0.0,21701.0,0.002107728337236534,0.9837193367678345,0.4828367233276367,0.6975613768688335,0.9844728708267212,0.52,0.9151053864168618,0.9890574634211615,0.9686746488153443,2.8826
"Grid-Weight [wa=0.8, wg=0.8, wn=1.0]",combined,0.8,0.8,1.0,3,0.15,,1.0,weighted_margin,0.1,0,0.0,21699.0,0.002107728337236534,0.9837193367678345,0.4828364849090576,0.6975596769693215,0.984472393989563,0.52,0.9151053864168618,0.9890574634211615,0.9686746488153443,2.9854
"Grid-Weight [wa=1.2, wg=1.2, wn=1.5]",combined,1.2,1.2,1.5,3,0.15,,1.0,weighted_margin,0.1,0,0.0,21699.0,0.002107728337236534,0.9837193367678345,0.4828364849090576,0.6975596769693215,0.984472393989563,0.52,0.9151053864168618,0.9890574634211615,0.9686746488153443,2.9558
"Margin-Shaping [gamma=2.0, delta=0.05]",combined,1.2,1.0,1.5,3,0.15,,1.5,weighted_margin,0.1,0,0.0,22284.0,0.002107728337236534,0.9841955404163668,0.48298895359039307,0.699133538161897,0.9844738245010376,0.52,0.9150819672131147,0.9890571926202182,0.9686746488153443,2.8767
"Grid-Weight [wa=1.0, wg=0.8, wn=1.2]",combined,1.0,0.8,1.2,3,0.15,,1.0,weighted_margin,0.1,0,0.0,21747.0,0.002107728337236534,0.983748249365053,0.482871949672699,0.6978343832838712,0.9844784736633301,0.52,0.9150819672131147,0.9890551599288817,0.9686746488153443,2.9357
"Grid-Weight [wa=1.0, wg=1.0, wn=1.2]",combined,1.0,1.0,1.2,3,0.15,,1.0,weighted_margin,0.1,0,0.0,21745.0,0.002107728337236534,0.983748249365053,0.4828715920448303,0.6978319437473707,0.9844776391983032,0.52,0.9150819672131147,0.9890551599288817,0.9686746488153443,2.9356
"Margin-Shaping [gamma=1.5, delta=0.1]",combined,1.2,1.0,1.5,3,0.15,,1.5,weighted_margin,0.1,0,0.0,22142.0,0.002107728337236534,0.9837902580848551,0.48299872875213623,0.6989827697950627,0.9844797849655151,0.52,0.9150585480093677,0.9890555471899296,0.9686746488153443,2.924
"Grid-Weight [wa=1.5, wg=0.8, wn=2.0]",combined,1.5,0.8,2.0,3,0.15,,1.0,weighted_margin,0.1,0,0.0,21644.0,0.002107728337236534,0.9836572987861999,0.482781320810318,0.6970334780791904,0.9844638109207153,0.52,0.9150585480093677,0.989051961521723,0.9686746488153443,2.8716
"Grid-Weight [wa=1.5, wg=1.0, wn=2.0]",combined,1.5,1.0,2.0,3,0.15,,1.0,weighted_margin,0.1,0,0.0,21644.0,0.002107728337236534,0.9836572987861999,0.482781320810318,0.6970334780791904,0.9844638109207153,0.52,0.9150585480093677,0.989051961521723,0.9686746488153443,2.8904
"Grid-Weight [wa=1.5, wg=1.2, wn=2.0]",combined,1.5,1.2,2.0,3,0.15,,1.0,weighted_margin,0.1,0,0.0,21644.0,0.002107728337236534,0.9836572987861999,0.482781320810318,0.6970334780791904,0.9844638109207153,0.52,0.9150585480093677,0.989051961521723,0.9686746488153443,2.8699
"Grid-Weight [wa=1.5, wg=1.5, wn=2.0]",combined,1.5,1.5,2.0,3,0.15,,1.0,weighted_margin,0.1,0,0.0,21644.0,0.002107728337236534,0.9836572987861999,0.48278117179870605,0.6970327884474946,0.9844636917114258,0.52,0.9150585480093677,0.989051961521723,0.9686746488153443,2.8794
"Grid-Weight [wa=0.8, wg=1.0, wn=1.2]",combined,0.8,1.0,1.2,3,0.15,,1.0,weighted_margin,0.1,0,0.0,21504.0,0.0029274004683840747,0.983169563954228,0.48268067836761475,0.6958587298633432,0.9844454526901245,0.52,0.9150585480093677,0.9890497872963635,0.9686746488153443,2.933
"Margin-Shaping [gamma=1.0, delta=0.1]",combined,1.2,1.0,1.5,3,0.15,,1.5,weighted_margin,0.1,0,0.0,21692.0,0.002107728337236534,0.9837902580848551,0.4829857051372528,0.697438573418823,0.984495997428894,0.52,0.9150585480093676,0.9890534566802146,0.967068223112533,2.8636
"Grid-Weight [wa=0.8, wg=0.8, wn=1.2]",combined,0.8,0.8,1.2,3,0.15,,1.0,weighted_margin,0.1,0,0.0,21504.0,0.0029274004683840747,0.9831756961646856,0.4826810956001282,0.695862060640447,0.9844462871551514,0.52,0.9150351288056207,0.9890471565093923,0.9686746488153443,2.8986
"Grid-Weight [wa=1.0, wg=1.0, wn=1.5]",combined,1.0,1.0,1.5,3,0.15,,1.0,weighted_margin,0.1,0,0.0,21504.0,0.0029274004683840747,0.9831756961646856,0.4826810956001282,0.695862060640447,0.9844462871551514,0.52,0.9150351288056207,0.9890471565093923,0.9686746488153443,2.9776
"Grid-Weight [wa=1.0, wg=0.8, wn=1.5]",combined,1.0,0.8,1.5,3,0.15,,1.0,weighted_margin,0.1,0,0.0,21504.0,0.0029274004683840747,0.9831756961646856,0.4826810657978058,0.6958620579343746,0.9844462871551514,0.52,0.9150351288056207,0.9890471565093923,0.9686746488153443,3.0211
"Grid-Weight [wa=1.0, wg=1.2, wn=1.5]",combined,1.0,1.2,1.5,3,0.15,,1.0,weighted_margin,0.1,0,0.0,21505.0,0.0029274004683840747,0.9831736520945331,0.4826808273792267,0.6958612619517148,0.9844458103179932,0.52,0.9150351288056207,0.9890471565093923,0.9686746488153443,2.9694
"Margin-Shaping [gamma=2.0, delta=0.1]",combined,1.2,1.0,1.5,3,0.15,,1.5,weighted_margin,0.1,0,0.0,22400.0,0.002107728337236534,0.9841980500802764,0.4829953908920288,0.6991677193281163,0.9844714403152466,0.52,0.9149882903981266,0.989047000632981,0.9679486679738891,2.9426
"Margin-Shaping [gamma=1.5, delta=0.0]",combined,1.2,1.0,1.5,3,0.15,,1.5,weighted_margin,0.1,0,0.0,21855.0,0.002107728337236534,0.983759432808128,0.48292213678359985,0.6981821108526557,0.9844791293144226,0.52,0.9149882903981265,0.9890454746753936,0.9686746488153443,2.8929
"Margin-Shaping [gamma=1.0, delta=0.05]",combined,1.2,1.0,1.5,3,0.15,,1.5,weighted_margin,0.1,0,0.0,21564.0,0.002107728337236534,0.9837238905018965,0.4828709363937378,0.6964392822635196,0.9844871759414673,0.52,0.9149648711943794,0.9890399943558597,0.9678972212898315,3.0664
"Grid-Weight [wa=1.2, wg=0.8, wn=2.0]",combined,1.2,0.8,2.0,3,0.15,,1.0,weighted_margin,0.1,0,0.0,21406.0,0.0029274004683840747,0.9831297640130843,0.4825930595397949,0.6946907170546485,0.9844297170639038,0.52,0.9149648711943794,0.9890383200232022,0.9678972212898315,2.8939
"Grid-Weight [wa=1.2, wg=1.0, wn=2.0]",combined,1.2,1.0,2.0,3,0.15,,1.0,weighted_margin,0.1,0,0.0,21406.0,0.0029274004683840747,0.9831297640130843,0.4825930595397949,0.6946907170546485,0.9844297170639038,0.52,0.9149648711943794,0.9890383200232022,0.9678972212898315,2.8774
"Grid-Weight [wa=1.2, wg=1.2, wn=2.0]",combined,1.2,1.2,2.0,3,0.15,,1.0,weighted_margin,0.1,0,0.0,21406.0,0.0029274004683840747,0.9831297640130843,0.4825930595397949,0.6946907170546485,0.9844297170639038,0.52,0.9149648711943794,0.9890383200232022,0.9678972212898315,2.8682
"Grid-Weight [wa=1.5, wg=0.8, wn=2.5]",combined,1.5,0.8,2.5,3,0.15,,1.0,weighted_margin,0.1,0,0.0,21406.0,0.0029274004683840747,0.9831297640130843,0.4825930893421173,0.6946907170546485,0.9844297170639038,0.52,0.9149648711943794,0.9890383200232022,0.9678972212898315,2.9461
"Grid-Weight [wa=1.5, wg=1.0, wn=2.5]",combined,1.5,1.0,2.5,3,0.15,,1.0,weighted_margin,0.1,0,0.0,21406.0,0.0029274004683840747,0.9831297640130843,0.4825930893421173,0.6946907170546485,0.9844297170639038,0.52,0.9149648711943794,0.9890383200232022,0.9678972212898315,2.9295
"Grid-Weight [wa=1.5, wg=1.2, wn=2.5]",combined,1.5,1.2,2.5,3,0.15,,1.0,weighted_margin,0.1,0,0.0,21406.0,0.0029274004683840747,0.9831297640130843,0.4825930893421173,0.6946907170546485,0.9844297170639038,0.52,0.9149648711943794,0.9890383200232022,0.9678972212898315,2.9699
"Grid-Weight [wa=1.5, wg=1.5, wn=2.5]",combined,1.5,1.5,2.5,3,0.15,,1.0,weighted_margin,0.1,0,0.0,21406.0,0.0029274004683840747,0.9831297640130843,0.4825930893421173,0.6946907170546485,0.9844297170639038,0.52,0.9149648711943794,0.9890383200232022,0.9678972212898315,2.8969
"Grid-Weight [wa=1.2, wg=1.5, wn=2.0]",combined,1.2,1.5,2.0,3,0.15,,1.0,weighted_margin,0.1,0,0.0,21406.0,0.0029274004683840747,0.9831277199429317,0.48259299993515015,0.6946900748636491,0.9844295978546143,0.52,0.9149648711943794,0.9890383200232022,0.9678972212898315,2.878
"Threshold-Grid [h_ano=0.1, Suppress=1.2]",combined,1.2,1.0,1.5,3,0.1,,1.2,weighted_margin,0.1,0,0.0,21606.0,0.002107728337236534,0.9837004757691695,0.48280417919158936,0.6966994802588332,0.9844732284545898,0.52,0.9149414519906324,0.9890381025265573,0.9678972212898315,2.9051
"Threshold-Grid [h_ano=0.12, Suppress=1.2]",combined,1.2,1.0,1.5,3,0.12,,1.2,weighted_margin,0.1,0,0.0,21606.0,0.002107728337236534,0.9837004757691695,0.48280417919158936,0.6966994802588332,0.9844732284545898,0.52,0.9149414519906324,0.9890381025265573,0.9678972212898315,2.9012
"Threshold-Grid [h_ano=0.15, Suppress=1.2]",combined,1.2,1.0,1.5,3,0.15,,1.2,weighted_margin,0.1,0,0.0,21606.0,0.002107728337236534,0.9837004757691695,0.48280417919158936,0.6966994802588332,0.9844732284545898,0.52,0.9149414519906324,0.9890381025265573,0.9678972212898315,2.9125
"Threshold-Grid [h_ano=0.18, Suppress=1.2]",combined,1.2,1.0,1.5,3,0.18,,1.2,weighted_margin,0.1,0,0.0,21606.0,0.002107728337236534,0.9837004757691695,0.48280417919158936,0.6966994802588332,0.9844732284545898,0.52,0.9149414519906324,0.9890381025265573,0.9678972212898315,2.8617
"Threshold-Grid [h_ano=0.2, Suppress=1.2]",combined,1.2,1.0,1.5,3,0.2,,1.2,weighted_margin,0.1,0,0.0,21606.0,0.002107728337236534,0.9837004757691695,0.48280417919158936,0.6966994802588332,0.9844732284545898,0.52,0.9149414519906324,0.9890381025265573,0.9678972212898315,2.9077
"Threshold-Grid [h_ano=None, Suppress=1.2]",combined,1.2,1.0,1.5,3,,,1.2,weighted_margin,0.1,0,0.0,21606.0,0.002107728337236534,0.9837004757691695,0.48280417919158936,0.6966994802588332,0.9844732284545898,0.52,0.9149414519906324,0.9890381025265573,0.9678972212898315,2.8881
"Unified-Pipeline [wn=1.5, Supp=1.2, morph=0, bg=0.0%]",combined,1.2,1.0,1.5,3,0.15,,1.2,weighted_margin,0.1,0,0.0,21606.0,0.002107728337236534,0.9837004757691695,0.48280417919158936,0.6966994802588332,0.9844732284545898,0.52,0.9149414519906324,0.9890381025265573,0.9678972212898315,2.8911
"Unified-Pipeline [wn=1.5, Supp=1.2, morph=3, bg=0.0%]",combined,1.2,1.0,1.5,3,0.15,,1.2,weighted_margin,0.1,3,0.0,21601.0,0.002107728337236534,0.9837004757691695,0.4828037619590759,0.6966760580388204,0.984473466873169,0.52,0.9149180327868852,0.989035172949672,0.9678972212898315,3.7416
"Margin-Shaping [gamma=0.5, delta=0.05]",combined,1.2,1.0,1.5,3,0.15,,1.5,weighted_margin,0.1,0,0.0,21039.0,0.0029274004683840747,0.9831422943709225,0.48244136571884155,0.6862464375192923,0.9844489693641663,0.52,0.9149180327868852,0.9890319228241337,0.967068223112533,2.8953
"Grid-Weight [wa=0.8, wg=1.5, wn=1.5]",combined,0.8,1.5,1.5,3,0.15,,1.0,weighted_margin,0.1,0,0.0,21311.0,0.0029274004683840747,0.9829255697577006,0.482494592666626,0.69316894167177,0.9844063520431519,0.52,0.9149180327868852,0.989031172870237,0.9678972212898315,2.9564
"Grid-Weight [wa=0.8, wg=1.0, wn=1.5]",combined,0.8,1.0,1.5,3,0.15,,1.0,weighted_margin,0.1,0,0.0,21314.0,0.0029274004683840747,0.9829460104592255,0.48249706625938416,0.6932443821966209,0.9844104051589966,0.52,0.9148946135831383,0.9890299719733839,0.9678972212898315,2.9075
"Grid-Weight [wa=0.8, wg=0.8, wn=1.5]",combined,0.8,0.8,1.5,3,0.15,,1.0,weighted_margin,0.1,0,0.0,21314.0,0.0029274004683840747,0.9829460104592255,0.48249706625938416,0.6932443821966209,0.9844103455543518,0.52,0.9148946135831383,0.9890299719733839,0.9678972212898315,2.9214
"Grid-Weight [wa=0.8, wg=1.2, wn=1.5]",combined,0.8,1.2,1.5,3,0.15,,1.0,weighted_margin,0.1,0,0.0,21315.0,0.0029274004683840747,0.9829419223189204,0.48249679803848267,0.6932429140394957,0.9844098091125488,0.52,0.9148946135831383,0.9890299719733839,0.9678972212898315,2.941
"Threshold-Grid [h_ano=0.1, Suppress=1.5]",combined,1.2,1.0,1.5,3,0.1,,1.5,weighted_margin,0.1,0,0.0,21403.0,0.0029274004683840747,0.983268196300005,0.4827546179294586,0.695124555450871,0.9844729900360107,0.52,0.914847775175644,0.9890256362795613,0.9678972212898315,2.8461
"Threshold-Grid [h_ano=0.12, Suppress=1.5]",combined,1.2,1.0,1.5,3,0.12,,1.5,weighted_margin,0.1,0,0.0,21403.0,0.0029274004683840747,0.983268196300005,0.4827546179294586,0.695124555450871,0.9844729900360107,0.52,0.914847775175644,0.9890256362795613,0.9678972212898315,2.9197
"Threshold-Grid [h_ano=0.15, Suppress=1.5]",combined,1.2,1.0,1.5,3,0.15,,1.5,weighted_margin,0.1,0,0.0,21403.0,0.0029274004683840747,0.983268196300005,0.4827546179294586,0.695124555450871,0.9844729900360107,0.52,0.914847775175644,0.9890256362795613,0.9678972212898315,2.8642
"Threshold-Grid [h_ano=0.18, Suppress=1.5]",combined,1.2,1.0,1.5,3,0.18,,1.5,weighted_margin,0.1,0,0.0,21403.0,0.0029274004683840747,0.983268196300005,0.4827546179294586,0.695124555450871,0.9844729900360107,0.52,0.914847775175644,0.9890256362795613,0.9678972212898315,2.9245
"Threshold-Grid [h_ano=0.2, Suppress=1.5]",combined,1.2,1.0,1.5,3,0.2,,1.5,weighted_margin,0.1,0,0.0,21403.0,0.0029274004683840747,0.983268196300005,0.4827546179294586,0.695124555450871,0.9844729900360107,0.52,0.914847775175644,0.9890256362795613,0.9678972212898315,2.9007
"Threshold-Grid [h_ano=None, Suppress=1.5]",combined,1.2,1.0,1.5,3,,,1.5,weighted_margin,0.1,0,0.0,21403.0,0.0029274004683840747,0.983268196300005,0.4827546179294586,0.695124555450871,0.9844729900360107,0.52,0.914847775175644,0.9890256362795613,0.9678972212898315,2.8442
"HardNeg-Gating [h_neg=0.08, Suppress=1.5]",combined,1.2,1.0,1.5,3,0.15,0.08,1.5,weighted_margin,0.1,0,0.0,21403.0,0.0029274004683840747,0.983268196300005,0.4827546179294586,0.695124555450871,0.9844729900360107,0.52,0.914847775175644,0.9890256362795613,0.9678972212898315,2.8569
"HardNeg-Gating [h_neg=0.1, Suppress=1.5]",combined,1.2,1.0,1.5,3,0.15,0.1,1.5,weighted_margin,0.1,0,0.0,21403.0,0.0029274004683840747,0.983268196300005,0.4827546179294586,0.695124555450871,0.9844729900360107,0.52,0.914847775175644,0.9890256362795613,0.9678972212898315,2.8814
"HardNeg-Gating [h_neg=0.12, Suppress=1.5]",combined,1.2,1.0,1.5,3,0.15,0.12,1.5,weighted_margin,0.1,0,0.0,21403.0,0.0029274004683840747,0.983268196300005,0.4827546179294586,0.695124555450871,0.9844729900360107,0.52,0.914847775175644,0.9890256362795613,0.9678972212898315,2.9479
"HardNeg-Gating [h_neg=0.14, Suppress=1.5]",combined,1.2,1.0,1.5,3,0.15,0.14,1.5,weighted_margin,0.1,0,0.0,21403.0,0.0029274004683840747,0.983268196300005,0.4827546179294586,0.695124555450871,0.9844729900360107,0.52,0.914847775175644,0.9890256362795613,0.9678972212898315,2.8954
"Margin-Shaping [gamma=1.0, delta=0.0]",combined,1.2,1.0,1.5,3,0.15,,1.5,weighted_margin,0.1,0,0.0,21403.0,0.0029274004683840747,0.983268196300005,0.4827546179294586,0.695124555450871,0.9844729900360107,0.52,0.914847775175644,0.9890256362795613,0.9678972212898315,2.9805
"Unified-Pipeline [wn=1.5, Supp=1.5, morph=0, bg=0.0%]",combined,1.2,1.0,1.5,3,0.15,,1.5,weighted_margin,0.1,0,0.0,21403.0,0.0029274004683840747,0.983268196300005,0.4827546179294586,0.695124555450871,0.9844729900360107,0.52,0.914847775175644,0.9890256362795613,0.9678972212898315,2.8676
"Unified-Pipeline [wn=1.5, Supp=1.5, morph=3, bg=0.0%]",combined,1.2,1.0,1.5,3,0.15,,1.5,weighted_margin,0.1,3,0.0,21398.0,0.0029274004683840747,0.983268196300005,0.4827541708946228,0.6950859689202532,0.9844731688499451,0.52,0.914847775175644,0.9890256362795613,0.9678972212898315,3.7453
"Grid-Weight [wa=0.8, wg=0.8, wn=2.0]",combined,0.8,0.8,2.0,3,0.15,,1.0,weighted_margin,0.1,0,0.0,21160.0,0.0029274004683840747,0.9827946777048352,0.4822766184806824,0.6893605170546279,0.9843602776527405,0.52,0.9148243559718969,0.9890184398823589,0.9678972212898315,2.918
"Grid-Weight [wa=0.8, wg=1.0, wn=2.0]",combined,0.8,1.0,2.0,3,0.15,,1.0,weighted_margin,0.1,0,0.0,21160.0,0.0029274004683840747,0.9827946777048352,0.4822766184806824,0.6893605170546279,0.9843602776527405,0.52,0.9148243559718969,0.9890184398823589,0.9678972212898315,2.942
"Grid-Weight [wa=0.8, wg=1.2, wn=2.0]",combined,0.8,1.2,2.0,3,0.15,,1.0,weighted_margin,0.1,0,0.0,21160.0,0.0029274004683840747,0.9827946777048352,0.4822766184806824,0.6893605170546279,0.9843602776527405,0.52,0.9148243559718969,0.9890184398823589,0.9678972212898315,2.8944
"Grid-Weight [wa=1.0, wg=0.8, wn=2.5]",combined,1.0,0.8,2.5,3,0.15,,1.0,weighted_margin,0.1,0,0.0,21160.0,0.0029274004683840747,0.9827946777048352,0.48227664828300476,0.6893605170546279,0.9843602776527405,0.52,0.9148243559718969,0.9890184398823589,0.9678972212898315,2.9127
"Grid-Weight [wa=1.0, wg=1.0, wn=2.5]",combined,1.0,1.0,2.5,3,0.15,,1.0,weighted_margin,0.1,0,0.0,21160.0,0.0029274004683840747,0.9827946777048352,0.48227664828300476,0.6893605170546279,0.9843602776527405,0.52,0.9148243559718969,0.9890184398823589,0.9678972212898315,2.89
"Grid-Weight [wa=1.0, wg=1.2, wn=2.5]",combined,1.0,1.2,2.5,3,0.15,,1.0,weighted_margin,0.1,0,0.0,21160.0,0.0029274004683840747,0.9827946777048352,0.48227664828300476,0.6893605170546279,0.9843602776527405,0.52,0.9148243559718969,0.9890184398823589,0.9678972212898315,2.899
"Grid-Weight [wa=1.0, wg=1.5, wn=2.5]",combined,1.0,1.5,2.5,3,0.15,,1.0,weighted_margin,0.1,0,0.0,21160.0,0.0029274004683840747,0.9827946777048352,0.48227664828300476,0.6893605170546279,0.9843602776527405,0.52,0.9148243559718969,0.9890184398823589,0.9678972212898315,2.8653
"Grid-Weight [wa=0.8, wg=1.5, wn=2.0]",combined,0.8,1.5,2.0,3,0.15,,1.0,weighted_margin,0.1,0,0.0,21161.0,0.0029274004683840747,0.9827885454943776,0.4822765588760376,0.6893589015438233,0.9843600988388062,0.52,0.9148243559718969,0.9890184398823589,0.9678972212898315,2.9407
"Grid-Weight [wa=1.0, wg=0.8, wn=2.0]",combined,1.0,0.8,2.0,3,0.15,,1.0,weighted_margin,0.1,0,0.0,21265.0,0.0029274004683840747,0.9829167122653188,0.48244574666023254,0.6923734111132815,0.9843993782997131,0.52,0.9147658079625293,0.9890134108944342,0.9678972212898315,2.9428
"Grid-Weight [wa=1.0, wg=1.0, wn=2.0]",combined,1.0,1.0,2.0,3,0.15,,1.0,weighted_margin,0.1,0,0.0,21265.0,0.0029274004683840747,0.9829167122653188,0.48244574666023254,0.6923734111132815,0.9843993782997131,0.52,0.9147658079625293,0.9890134108944342,0.9678972212898315,2.95
"Grid-Weight [wa=1.0, wg=1.2, wn=2.0]",combined,1.0,1.2,2.0,3,0.15,,1.0,weighted_margin,0.1,0,0.0,21265.0,0.0029274004683840747,0.9829167122653188,0.48244574666023254,0.6923734111132815,0.9843993782997131,0.52,0.9147658079625293,0.9890134108944342,0.9678972212898315,2.9707
"Grid-Weight [wa=1.0, wg=1.5, wn=2.0]",combined,1.0,1.5,2.0,3,0.15,,1.0,weighted_margin,0.1,0,0.0,21265.0,0.0029274004683840747,0.9829167122653188,0.4824456572532654,0.6923732355018313,0.9843992590904236,0.52,0.9147658079625293,0.9890134108944342,0.9678972212898315,2.8954
"Grid-Weight [wa=1.2, wg=0.8, wn=2.5]",combined,1.2,0.8,2.5,3,0.15,,1.0,weighted_margin,0.1,0,0.0,21243.0,0.0029274004683840747,0.9829146681951665,0.4824138283729553,0.6918528273811995,0.9843924045562744,0.52,0.9147540983606557,0.9890130732025517,0.9678972212898315,2.9057
"Grid-Weight [wa=1.2, wg=1.0, wn=2.5]",combined,1.2,1.0,2.5,3,0.15,,1.0,weighted_margin,0.1,0,0.0,21243.0,0.0029274004683840747,0.9829146681951665,0.4824138283729553,0.6918528273811995,0.9843924045562744,0.52,0.9147540983606557,0.9890130732025517,0.9678972212898315,2.8627
"Grid-Weight [wa=1.2, wg=1.2, wn=2.5]",combined,1.2,1.2,2.5,3,0.15,,1.0,weighted_margin,0.1,0,0.0,21243.0,0.0029274004683840747,0.9829146681951665,0.4824138283729553,0.6918528273811995,0.9843924045562744,0.52,0.9147540983606557,0.9890130732025517,0.9678972212898315,2.9097
"Grid-Weight [wa=1.2, wg=1.5, wn=2.5]",combined,1.2,1.5,2.5,3,0.15,,1.0,weighted_margin,0.1,0,0.0,21243.0,0.0029274004683840747,0.9829146681951665,0.4824138283729553,0.6918528273811995,0.9843924045562744,0.52,0.9147540983606557,0.9890130732025517,0.9678972212898315,2.8614
"Margin-Shaping [gamma=0.5, delta=0.0]",combined,1.2,1.0,1.5,3,0.15,,1.5,weighted_margin,0.1,0,0.0,20969.0,0.0029274004683840747,0.9829966496451781,0.4822114408016205,0.6836548981592383,0.9843955039978027,0.52,0.9147072599531616,0.9890065548152944,0.9664536241540718,2.9624
"Threshold-Grid [h_ano=0.1, Suppress=2.0]",combined,1.2,1.0,1.5,3,0.1,,2.0,weighted_margin,0.1,0,0.0,21238.0,0.0029274004683840747,0.9832399025664973,0.4826703369617462,0.692164765460297,0.9844708442687988,0.52,0.9146604215456675,0.9890055031796233,0.9662920848532344,2.9055
"Threshold-Grid [h_ano=0.12, Suppress=2.0]",combined,1.2,1.0,1.5,3,0.12,,2.0,weighted_margin,0.1,0,0.0,21238.0,0.0029274004683840747,0.9832399025664973,0.4826703369617462,0.692164765460297,0.9844708442687988,0.52,0.9146604215456675,0.9890055031796233,0.9662920848532344,2.8705
"Threshold-Grid [h_ano=0.15, Suppress=2.0]",combined,1.2,1.0,1.5,3,0.15,,2.0,weighted_margin,0.1,0,0.0,21238.0,0.0029274004683840747,0.9832399025664973,0.4826703369617462,0.692164765460297,0.9844708442687988,0.52,0.9146604215456675,0.9890055031796233,0.9662920848532344,2.8565
"Threshold-Grid [h_ano=0.18, Suppress=2.0]",combined,1.2,1.0,1.5,3,0.18,,2.0,weighted_margin,0.1,0,0.0,21238.0,0.0029274004683840747,0.9832399025664973,0.4826703369617462,0.692164765460297,0.9844708442687988,0.52,0.9146604215456675,0.9890055031796233,0.9662920848532344,2.9043
"Threshold-Grid [h_ano=0.2, Suppress=2.0]",combined,1.2,1.0,1.5,3,0.2,,2.0,weighted_margin,0.1,0,0.0,21238.0,0.0029274004683840747,0.9832399025664973,0.4826703369617462,0.692164765460297,0.9844708442687988,0.52,0.9146604215456675,0.9890055031796233,0.9662920848532344,2.8842
"Threshold-Grid [h_ano=None, Suppress=2.0]",combined,1.2,1.0,1.5,3,,,2.0,weighted_margin,0.1,0,0.0,21238.0,0.0029274004683840747,0.9832399025664973,0.4826703369617462,0.692164765460297,0.9844708442687988,0.52,0.9146604215456675,0.9890055031796233,0.9662920848532344,2.9343
"Unified-Pipeline [wn=1.5, Supp=2.0, morph=0, bg=0.0%]",combined,1.2,1.0,1.5,3,0.15,,2.0,weighted_margin,0.1,0,0.0,21238.0,0.0029274004683840747,0.9832399025664973,0.4826703369617462,0.692164765460297,0.9844708442687988,0.52,0.9146604215456675,0.9890055031796233,0.9662920848532344,2.8972
"Unified-Pipeline [wn=1.5, Supp=2.0, morph=3, bg=0.0%]",combined,1.2,1.0,1.5,3,0.15,,2.0,weighted_margin,0.1,3,0.0,21235.0,0.0029274004683840747,0.9832399025664973,0.4826698303222656,0.6920994684827229,0.9844708442687988,0.52,0.9146604215456675,0.9890055031796233,0.9662920848532344,3.7671
"Grid-Weight [wa=0.8, wg=0.8, wn=2.5]",combined,0.8,0.8,2.5,3,0.15,,1.0,weighted_margin,0.1,0,0.0,21068.0,0.0029274004683840747,0.982632981788388,0.4821225106716156,0.6867178817947626,0.9843202233314514,0.52,0.9146604215456675,0.9889988024013544,0.9678972212898315,2.9142
"Grid-Weight [wa=0.8, wg=1.0, wn=2.5]",combined,0.8,1.0,2.5,3,0.15,,1.0,weighted_margin,0.1,0,0.0,21068.0,0.0029274004683840747,0.982632981788388,0.4821225106716156,0.6867178817947626,0.9843202233314514,0.52,0.9146604215456675,0.9889988024013544,0.9678972212898315,2.8892
"Grid-Weight [wa=0.8, wg=1.2, wn=2.5]",combined,0.8,1.2,2.5,3,0.15,,1.0,weighted_margin,0.1,0,0.0,21068.0,0.0029274004683840747,0.982632981788388,0.4821225106716156,0.6867178817947626,0.9843202233314514,0.52,0.9146604215456675,0.9889988024013544,0.9678972212898315,2.9084
"Grid-Weight [wa=0.8, wg=1.5, wn=2.5]",combined,0.8,1.5,2.5,3,0.15,,1.0,weighted_margin,0.1,0,0.0,21068.0,0.0029274004683840747,0.982632981788388,0.4821225106716156,0.6867178817947626,0.9843202233314514,0.52,0.9146604215456675,0.9889988024013544,0.9678972212898315,2.9376
"Softmax-Fusion [tau=0.05, wn=1.0]",combined,1.2,1.0,1.0,3,0.15,,1.2,softmax,0.05,0,0.0,21285.0,0.003747072599531616,0.9826289831474251,0.48408451676368713,0.6929826237261901,0.9847311973571777,0.52,0.914519906323185,0.9890183560253665,0.9620252665162861,2.9932
"Unified-Pipeline [wn=1.5, Supp=1.2, morph=3, bg=15.0%]",combined,1.2,1.0,1.5,3,0.15,,1.2,weighted_margin,0.1,3,15.0,20922.0,0.003747072599531616,0.9781374598840207,0.48127904534339905,0.6473005622554805,0.9830125570297241,0.52,0.9126932084309134,0.9887738580173749,0.9655171914027534,9.2939
"Unified-Pipeline [wn=1.5, Supp=1.2, morph=0, bg=15.0%]",combined,1.2,1.0,1.5,3,0.15,,1.2,weighted_margin,0.1,0,15.0,20928.0,0.003747072599531616,0.9781374598840207,0.48127955198287964,0.6473027903311888,0.9830130338668823,0.52,0.9126697892271662,0.9887713420609142,0.9655171914027534,7.8595
"Unified-Pipeline [wn=1.5, Supp=1.2, morph=0, bg=20.0%]",combined,1.2,1.0,1.5,3,0.15,,1.2,weighted_margin,0.1,0,20.0,20881.0,0.003747072599531616,0.9779177748522399,0.48121505975723267,0.6462041655695676,0.9829296469688416,0.52,0.9125292740046839,0.98875510493904,0.9655171914027534,8.0437
"Unified-Pipeline [wn=1.5, Supp=1.2, morph=3, bg=20.0%]",combined,1.2,1.0,1.5,3,0.15,,1.2,weighted_margin,0.1,3,20.0,20876.0,0.003747072599531616,0.9779177748522399,0.4812145233154297,0.6462014152452045,0.9829291701316833,0.52,0.9125292740046839,0.98875510493904,0.9655171914027534,9.6124
"Unified-Pipeline [wn=1.5, Supp=1.5, morph=0, bg=15.0%]",combined,1.2,1.0,1.5,3,0.15,,1.5,weighted_margin,0.1,0,15.0,20834.0,0.003747072599531616,0.9780633602022254,0.48122745752334595,0.6460228935307583,0.9829889535903931,0.52,0.9124121779859485,0.9887427119590475,0.9655171914027534,7.7998
"Unified-Pipeline [wn=1.5, Supp=1.5, morph=3, bg=15.0%]",combined,1.2,1.0,1.5,3,0.15,,1.5,weighted_margin,0.1,3,15.0,20824.0,0.003747072599531616,0.9780633602022254,0.48122692108154297,0.646020206951173,0.9829881191253662,0.52,0.9124121779859485,0.9887427119590475,0.9655171914027534,9.2958
"Unified-Pipeline [wn=1.5, Supp=1.5, morph=0, bg=20.0%]",combined,1.2,1.0,1.5,3,0.15,,1.5,weighted_margin,0.1,0,20.0,20773.0,0.003747072599531616,0.9777766987601737,0.48116302490234375,0.6449922728017818,0.9829038381576538,0.52,0.9123887587822014,0.9887400655037974,0.9655171914027534,8.0462
"Unified-Pipeline [wn=1.5, Supp=1.5, morph=3, bg=20.0%]",combined,1.2,1.0,1.5,3,0.15,,1.5,weighted_margin,0.1,3,20.0,20768.0,0.003747072599531616,0.9777766987601737,0.48116248846054077,0.644990286912787,0.9829028844833374,0.52,0.9123887587822014,0.9887400655037974,0.9655171914027534,9.6074
"Unified-Pipeline [wn=1.5, Supp=2.0, morph=0, bg=20.0%]",combined,1.2,1.0,1.5,3,0.15,,2.0,weighted_margin,0.1,0,20.0,20596.0,0.003747072599531616,0.9775159907990489,0.48107609152793884,0.6431564923805115,0.9828571677207947,0.52,0.9121779859484778,0.9887174616023486,0.9646869484166372,8.1004
"Unified-Pipeline [wn=1.5, Supp=2.0, morph=3, bg=20.0%]",combined,1.2,1.0,1.5,3,0.15,,2.0,weighted_margin,0.1,3,20.0,20596.0,0.003747072599531616,0.9775159907990489,0.48107558488845825,0.6431523782846259,0.9828555583953857,0.52,0.9121779859484778,0.9887174616023486,0.9646869484166372,9.5458
"Unified-Pipeline [wn=1.5, Supp=2.0, morph=0, bg=15.0%]",combined,1.2,1.0,1.5,3,0.15,,2.0,weighted_margin,0.1,0,15.0,20631.0,0.003747072599531616,0.9778335472078622,0.4811403453350067,0.6441226812453608,0.9829453229904175,0.52,0.9121779859484778,0.9887157476459345,0.9646869484166372,7.9262
"Unified-Pipeline [wn=1.5, Supp=2.0, morph=3, bg=15.0%]",combined,1.2,1.0,1.5,3,0.15,,2.0,weighted_margin,0.1,3,15.0,20631.0,0.003747072599531616,0.9778335472078622,0.48113980889320374,0.6441204927026132,0.9829437732696533,0.52,0.9121779859484778,0.9887157476459345,0.9646869484166372,9.2556
