Suite,Config,I-AUROC,I-AP,I-F1,P-AUROC,P-AP,P-F1,P-AUPRO,R-MissRate,R-FP-RegionCount,R-PixelCoverage,R-FPR,Elapsed
0_Baseline,00_Raw_Dinomaly_Baseline,0.9155737704918033,0.9891139329047045,0.9687248898790964,0.9844638712405288,0.4829890051328682,0.5190108621983003,0.9246793374029288,0.002107728337236534,22800.0,0.9841980500802764,0.9640919131343,39.95913767814636
0_Baseline,01_Standard_TwoStage_L2Sq_PureMargin,0.9195550351288055,0.9895724722546835,0.970328739117268,0.9846380807071505,0.4838979588660109,0.5192619392707404,0.9261622188712422,0.002107728337236534,22117.0,0.9838327187559275,0.9624646646346715,37.32489490509033
0_Baseline,02_Standard_TwoStage_L2Sq_HardTrigger_0.15,0.9218735362997658,0.9898556220333631,0.9696485123329854,0.9847382964941159,0.4846405333070735,0.5196870062446456,0.9272797218420998,0.002107728337236534,22118.0,0.9838368068962324,0.9624652594620526,37.07590341567993
1_Metric_Geometry,01_L2_Squared,0.9195550351288055,0.9895724722546835,0.970328739117268,0.9846380807071505,0.4838979588660109,0.5192619392707404,0.9261622188712422,0.002107728337236534,22117.0,0.9838327187559275,0.9624646646346715,35.86883878707886
1_Metric_Geometry,02_L2_Norm_Chord,0.9180327868852459,0.9893958539785358,0.9695023577264286,0.9845783323820866,0.483553857052042,0.5191361246424674,0.9255508418001805,0.002107728337236534,22374.0,0.9838170134835891,0.9631401935693287,35.94679856300354
1_Metric_Geometry,03_Cosine_Distance,0.9195550351288055,0.9895724722546835,0.970328739117268,0.9846380807104285,0.48389795898183835,0.5192619392707404,0.9261622188712422,0.002107728337236534,22117.0,0.9838327187559275,0.9624646646346715,36.58068561553955
1_Metric_Geometry,04_Spherical_Angular_Geodesic,0.9180327868852459,0.9893958539785358,0.9695023577264286,0.9845796110437642,0.4835600986929549,0.5191350853308185,0.9255597404616578,0.002107728337236534,22369.0,0.9838170134835891,0.9631234931584399,35.67059063911438
1_Metric_Geometry,05_Cayley_Hyperbolic,0.9196018735362997,0.9895799459557392,0.9695512320764531,0.9846434382013192,0.48392914058067676,0.5192757201162774,0.9262052547971354,0.002107728337236534,22084.0,0.9838327187559275,0.9623527086256266,33.677562952041626
1_Metric_Geometry,06_Power_Cosine_gamma1.5,0.9206088992974238,0.989697206359917,0.9695023577264286,0.9846783657628863,0.48416029905540503,0.5193582432484285,0.9264487101767065,0.0029274004683840747,21946.0,0.9834379374292546,0.9620659319194965,34.40981864929199
1_Metric_Geometry,07_Power_Cosine_gamma2.0,0.9209133489461359,0.9897340230256899,0.9687749700429705,0.9847052373479948,0.48434756157095865,0.5194395850427653,0.9266037242398047,0.0029274004683840747,21848.0,0.9834466112084201,0.9617254041624758,34.0246958732605
1_Metric_Geometry,08_L1_Manhattan,0.9178922716627634,0.9893787897618873,0.9695023577264286,0.9845767936957976,0.4835479686222612,0.5191331599382415,0.9255526706577712,0.002107728337236534,22372.0,0.9838170134835891,0.9631220560790739,33.79369235038757
1_Metric_Geometry,09_Minkowski_L0.5,0.9179859484777518,0.9893880344884659,0.9695023577264286,0.984575680524825,0.48354562859784594,0.5191312345302457,0.9255512148139806,0.002107728337236534,22369.0,0.9838170134835891,0.9631147184835109,33.882153034210205
1_Metric_Geometry,10_Minkowski_L1.5,0.9179625292740047,0.9893879974915742,0.9695023577264286,0.9845777933382144,0.48355087292634397,0.5191361246424674,0.9255484259664548,0.002107728337236534,22376.0,0.9838170134835891,0.9631325559682751,33.80001878738403
1_Metric_Geometry,11_Chebyshev_Linf,0.9174941451990632,0.9893348110288733,0.9687248898790964,0.9845742164133477,0.48355093220559986,0.5191509479855378,0.9256007918825363,0.002107728337236534,22348.0,0.9838170134835891,0.9630679374977413,33.46847176551819
2_Mahalanobis,Maha_Diag_eps_0.0001,0.917728337236534,0.989361786232416,0.9695023577264286,0.9845741278259761,0.48353269394729925,0.5191282697984235,0.9255198203654287,0.002107728337236534,22387.0,0.9838170134835891,0.9631622594388449,33.7756724357605
2_Mahalanobis,Maha_Diag_eps_0.0005,0.9179156908665106,0.9893827441832979,0.9695023577264286,0.9845755282371007,0.48353940393943357,0.5191282697984235,0.9255287305753027,0.002107728337236534,22380.0,0.9838170134835891,0.9631411244906262,33.35158848762512
2_Mahalanobis,Maha_Diag_eps_0.001,0.9179859484777518,0.989390550325669,0.9695023577264286,0.9845762840047969,0.4835432194735318,0.5191341992501971,0.9255304173544239,0.002107728337236534,22380.0,0.9838170134835891,0.9631426170021901,33.73459529876709
2_Mahalanobis,Maha_Diag_eps_0.002,0.9180093676814989,0.9893926914843004,0.9695023577264286,0.9845770262894964,0.4835470215556855,0.5191361246424674,0.9255387251270131,0.002107728337236534,22376.0,0.9838170134835891,0.9631424228928057,34.723450899124146
2_Mahalanobis,Maha_Diag_eps_0.005,0.9180093676814989,0.9893926914843004,0.9695023577264286,0.9845776777344997,0.48355048780335497,0.5191361246424674,0.925545619448946,0.002107728337236534,22377.0,0.9838170134835891,0.9631426016930104,34.69634222984314
2_Mahalanobis,Maha_Diag_eps_0.01,0.9180327868852459,0.9893958539785358,0.9695023577264286,0.9845779550823708,0.48355195125010103,0.5191361246424674,0.925546840839313,0.002107728337236534,22375.0,0.9838170134835891,0.963141903867795,33.54594087600708
2_Mahalanobis,Maha_Diag_eps_0.05,0.9180327868852459,0.9893958539785358,0.9695023577264286,0.9845782486610045,0.48355345055601917,0.5191361246424674,0.9255507809996242,0.002107728337236534,22372.0,0.9838170134835891,0.9631365918354191,33.07499599456787
2_Mahalanobis,Maha_Diag_eps_0.1,0.9180327868852459,0.9893958539785358,0.9695023577264286,0.9845783114635978,0.4835537307273175,0.5191361246424674,0.9255508003359183,0.002107728337236534,22373.0,0.9838170134835891,0.9631375914355791,33.55685043334961
2_Mahalanobis,Maha_Diag_eps_1e-3_Squared,0.9195316159250585,0.9895688934649384,0.970328739117268,0.9846350717387187,0.48388054813788045,0.5192600146134267,0.9261281263431407,0.002107728337236534,22114.0,0.9838281650218654,0.9624465397457856,33.161003828048706
2_Mahalanobis,Maha_Shrinkage_alpha_0.02,0.9179859484777518,0.989390550325669,0.9695023577264286,0.9845763196754618,0.48354341997914685,0.5191341992501971,0.9255307752296031,0.002107728337236534,22380.0,0.9838170134835891,0.9631426170021901,33.67239689826965
2_Mahalanobis,Maha_Shrinkage_alpha_0.05,0.9179859484777518,0.989390550325669,0.9695023577264286,0.9845763679114815,0.48354366132608195,0.5191341992501971,0.9255311555531363,0.002107728337236534,22380.0,0.9838170134835891,0.9631426170021901,33.32921290397644
2_Mahalanobis,Maha_Shrinkage_alpha_0.10,0.9179859484777518,0.989390550325669,0.9695023577264286,0.9845764494985108,0.4835440694019881,0.5191341992501971,0.92553217469371,0.002107728337236534,22379.0,0.9838170134835891,0.9631412394019697,33.37652277946472
2_Mahalanobis,Maha_Shrinkage_alpha_0.20,0.9179859484777518,0.9893903180371293,0.9695023577264286,0.9845765963222992,0.4835448442601553,0.5191341992501971,0.9255350080437132,0.002107728337236534,22379.0,0.9838170134835891,0.9631413889498863,32.97330045700073
2_Mahalanobis,Maha_Shrinkage_alpha_0.50,0.9180093676814989,0.9893926914843004,0.9695023577264286,0.9845771696822174,0.48354776691618545,0.5191361246424674,0.9255399737764192,0.002107728337236534,22376.0,0.9838170134835891,0.963142399932802,33.322853803634644
3_Whitening,Whitened_Angular_eps_1e-3,0.9178688524590164,0.9893745479316158,0.9695023577264286,0.9845856436465582,0.48359058236189306,0.5191439793607086,0.9256199754274488,0.002107728337236534,22356.0,0.983821350373172,0.96309039088139,33.036247968673706
3_Whitening,Whitened_Angular_eps_5e-3,0.9179625292740047,0.9893842906135785,0.9695023577264286,0.9845864035418952,0.4835950351416751,0.5191499086546164,0.9256278680530886,0.002107728337236534,22355.0,0.983821350373172,0.9630853878368059,33.30541634559631
3_Whitening,Whitened_Angular_eps_1e-2,0.9179859484777517,0.9893870423079318,0.9695023577264286,0.9845865195677024,0.48359590846966977,0.5191499086546164,0.9256309575367194,0.002107728337236534,22354.0,0.9838170134835891,0.9630865791267532,32.887983560562134
3_Whitening,Whitened_Cosine_eps_1e-3,0.9190632318501171,0.9895135010505243,0.9695512320764531,0.9846421722201518,0.48392019251088864,0.5192580899407021,0.9260489478821609,0.0029274004683840747,22104.0,0.9834445671382676,0.9624899890967611,33.22431182861328
3_Whitening,Whitened_L2_Norm_eps_1e-3,0.9179391100702576,0.9893831605169914,0.9695023577264286,0.9845807062742709,0.48356645981127605,0.5191390893348226,0.9255737199121319,0.002107728337236534,22379.0,0.9838170134835891,0.9631396856530907,33.07227110862732
3_Whitening,Whitened_L1_eps_1e-3,0.9180093676814989,0.9893909948534515,0.9695023577264286,0.9845805840655999,0.48356871349254077,0.5191361246424674,0.9255774445770465,0.002107728337236534,22390.0,0.9838170134835891,0.9631712980265653,33.28707551956177
4_Ensemble_Hybrid,Hybrid_Angular_L1_beta_0.1,0.9180327868852459,0.9893958539785358,0.9695023577264286,0.9845794979188156,0.4835594649921758,0.5191350853308185,0.9255598876635819,0.002107728337236534,22371.0,0.9838170134835891,0.9631314386829434,33.11380386352539
4_Ensemble_Hybrid,Hybrid_Angular_L1_beta_0.2,0.9180093676814989,0.9893933533325004,0.9695023577264286,0.9845793730057429,0.48355877104373085,0.5191350853308185,0.9255592924314021,0.002107728337236534,22371.0,0.9838170134835891,0.9631304208402202,33.39386296272278
4_Ensemble_Hybrid,Hybrid_Angular_L1_beta_0.3,0.9180327868852459,0.9893961096470776,0.9695023577264286,0.9845792381642253,0.48355801749957594,0.5191361246424674,0.925558486919051,0.002107728337236534,22369.0,0.9838170134835891,0.9631231801202211,32.96823167800903
4_Ensemble_Hybrid,Hybrid_Angular_L1_beta_0.5,0.9180093676814989,0.9893928913219825,0.9695023577264286,0.9845788762340528,0.4835561133038246,0.5191361246424674,0.9255575470700211,0.002107728337236534,22369.0,0.9838170134835891,0.9631183646545002,32.90587306022644
4_Ensemble_Hybrid,Hybrid_Angular_L1_beta_0.7,0.9179625292740047,0.9893880946547182,0.9695023577264286,0.9845781856834485,0.48355334098439756,0.5191361246424674,0.9255551341838143,0.002107728337236534,22370.0,0.9838170134835891,0.9631207125495695,32.823330879211426
4_Ensemble_Hybrid,Hybrid_Angular_Maha_beta_0.1,0.9180327868852459,0.9893958539785358,0.9695023577264286,0.984579572312431,0.48355990248147795,0.5191350853308185,0.925559510931513,0.002107728337236534,22368.0,0.9838170134835891,0.9631224935582797,32.85965037345886
4_Ensemble_Hybrid,Hybrid_Angular_Maha_beta_0.2,0.9180327868852459,0.9893958539785358,0.9695023577264286,0.9845795252350568,0.4835596637195478,0.5191350853308185,0.9255594395038473,0.002107728337236534,22369.0,0.9838170134835891,0.9631263967589044,32.817981004714966
4_Ensemble_Hybrid,Hybrid_Angular_Maha_beta_0.3,0.9180327868852459,0.9893958539785358,0.9695023577264286,0.9845794667013215,0.48355936576955033,0.5191350853308185,0.9255600404613169,0.002107728337236534,22370.0,0.9838170134835891,0.9631276978257792,32.83989381790161
4_Ensemble_Hybrid,Hybrid_Angular_Maha_beta_0.5,0.9180327868852459,0.9893958539785358,0.9695023577264286,0.9845792935767862,0.48355848872839163,0.5191361246424674,0.9255586839171683,0.002107728337236534,22371.0,0.9838170134835891,0.9631318443919687,33.06703734397888
4_Ensemble_Hybrid,Hybrid_Angular_Maha_beta_0.7,0.9180327868852459,0.9893958539785358,0.9695023577264286,0.9845789576136094,0.48355677716873036,0.5191361246424674,0.9255569560823438,0.002107728337236534,22369.0,0.9838170134835891,0.9631279411913444,33.10404419898987
4_Ensemble_Hybrid,Hybrid_Whitened_L1_beta_0.1,0.9178922716627634,0.989377603700302,0.9695023577264286,0.9845853667318494,0.483589684699865,0.5191439793607086,0.9256178368622976,0.002107728337236534,22355.0,0.983821350373172,0.963088709038177,32.7910373210907
4_Ensemble_Hybrid,Hybrid_Whitened_L1_beta_0.2,0.9179156908665105,0.9893806786763295,0.9695023577264286,0.9845850379577876,0.48358857504073344,0.5191439793607086,0.925615596593613,0.002107728337236534,22354.0,0.9838170134835891,0.9630855829453691,33.031036376953125
4_Ensemble_Hybrid,Hybrid_Whitened_L1_beta_0.3,0.9178922716627635,0.9893782423264652,0.9695023577264286,0.984584646121214,0.48358724661328717,0.5191439793607086,0.9256119857804166,0.002107728337236534,22353.0,0.9838170134835891,0.963082766988571,33.055042028427124
4_Ensemble_Hybrid,Hybrid_Whitened_L1_beta_0.5,0.9179625292740047,0.9893866016632846,0.9695023577264286,0.9845835820761752,0.48358331869163146,0.5191410146959492,0.9256025995513533,0.002107728337236534,22359.0,0.9838170134835891,0.9631006566224534,32.99116134643555
4_Ensemble_Hybrid,Density_Calibrated_spherical_angular,0.9180796252927401,0.9894016877040172,0.9695023577264286,0.984582371531051,0.4835916759104979,0.5191499086546164,0.9257858177467639,0.002107728337236534,22429.0,0.9838190575537417,0.9632538183651347,32.84168815612793
4_Ensemble_Hybrid,Density_Calibrated_l2_norm,0.9180562060889931,0.9893993568902766,0.9695023577264286,0.9845811179907332,0.4835854838158968,0.5191499086546164,0.9257746098944923,0.002107728337236534,22434.0,0.9838190575537417,0.9632656387524817,32.854023694992065
4_Ensemble_Hybrid,Density_Calibrated_mahalanobis_diag,0.9180327868852459,0.9893963916132653,0.9695023577264286,0.9845791096121828,0.48357494917038135,0.5191439793607086,0.9257502619133853,0.002107728337236534,22443.0,0.9838190575537417,0.9632808435662077,33.00933814048767
4_Ensemble_Hybrid,Density_Calibrated_whitened_angular,0.9179859484777517,0.989390268162788,0.9695023577264286,0.9845882876358638,0.4836218440822765,0.519155837901043,0.9256991881400238,0.002107728337236534,22409.0,0.9838277313329071,0.9631970213797646,32.91454267501831
5_KNN_Aggregation,Angular_KNN_k1,0.9180327868852459,0.9893958539785358,0.9695023577264286,0.9845796110437642,0.4835600986929549,0.5191350853308185,0.9255597404616578,0.002107728337236534,22369.0,0.9838170134835891,0.9631234931584399,32.90096712112427
5_KNN_Aggregation,Mahalanobis_KNN_k1,0.9179859484777518,0.989390550325669,0.9695023577264286,0.9845762840047969,0.4835432194735318,0.5191341992501971,0.9255304173544239,0.002107728337236534,22380.0,0.9838170134835891,0.9631426170021901,32.87095093727112
5_KNN_Aggregation,Whitened_Angular_KNN_k1,0.9178688524590164,0.9893745479316158,0.9695023577264286,0.9845856436465582,0.48359058236189306,0.5191439793607086,0.9256199754274488,0.002107728337236534,22356.0,0.983821350373172,0.96309039088139,32.89358353614807
5_KNN_Aggregation,Angular_KNN_k3,0.9172131147540984,0.9892998424799009,0.9695023577264286,0.9845530254541855,0.48341057789197106,0.5190827581501174,0.9254876098020288,0.002107728337236534,22394.0,0.9842268495491628,0.9631771977745649,32.93637704849243
5_KNN_Aggregation,Mahalanobis_KNN_k3,0.9171896955503512,0.9892966591143246,0.9695023577264286,0.9845491894831242,0.483393805080047,0.5190768283024244,0.9254607746866924,0.002107728337236534,22408.0,0.9842268495491628,0.9632095600409917,32.9624502658844
5_KNN_Aggregation,Whitened_Angular_KNN_k3,0.9173302107728337,0.989311602837667,0.9687248898790964,0.9845597562368469,0.4834430020027664,0.5190946177030401,0.9255184322164522,0.002107728337236534,22384.0,0.9842268495491628,0.9631483323999555,32.937769412994385
5_KNN_Aggregation,Angular_KNN_k5,0.9171194379391101,0.9892890840098328,0.9687248898790964,0.9845370198992269,0.4833487872920115,0.5190649684645726,0.9253835697986816,0.002107728337236534,22418.0,0.9842268495491628,0.9632458121846086,32.86061120033264
5_KNN_Aggregation,Mahalanobis_KNN_k5,0.9170257611241218,0.9892784139174731,0.9687248898790964,0.9845336261418509,0.4833341724502885,0.5190620034754289,0.9253606443318156,0.002107728337236534,22431.0,0.9842268495491628,0.9632698820468071,33.1899733543396
5_KNN_Aggregation,Whitened_Angular_KNN_k5,0.9171662763466042,0.9892924184595172,0.9687248898790964,0.9845439822292485,0.48338286429997085,0.5190738633607699,0.9254267968778751,0.002107728337236534,22404.0,0.9842268495491628,0.9631856615783382,32.992231130599976
6_Decision_Synergy,Angular_Hard_0.12,0.921967213114754,0.9898498385089757,0.9711537961790172,0.984699783509892,0.4843165786347124,0.5194685658607041,0.926747241556184,0.002107728337236534,22394.0,0.9842466429618062,0.9631771977745649,32.883838415145874
6_Decision_Synergy,Angular_Hard_0.12_AsymTanh,0.9171194379391101,0.9892992792499722,0.9649122307385133,0.9847756887256065,0.4847895121706845,0.5197673202671116,0.9271377768237664,0.0029274004683840747,21548.0,0.9834486552785726,0.9606406545708145,32.96244668960571
6_Decision_Synergy,Angular_Hard_0.14,0.9227166276346604,0.9899534448961633,0.9696969197337286,0.9847375455534824,0.48469333148694305,0.5197380823095777,0.9275533155989819,0.002107728337236534,22396.0,0.9842466429618062,0.9631787017424822,32.59990191459656
6_Decision_Synergy,Angular_Hard_0.14_AsymTanh,0.9164637002341921,0.9892319199875939,0.9641433763337116,0.9847760234541558,0.484792628304229,0.5197701861057623,0.9272065209797591,0.0029274004683840747,21555.0,0.9834486552785726,0.9606566243088474,32.62400817871094
6_Decision_Synergy,Angular_Hard_0.16,0.923255269320843,0.990082399335168,0.9651898234783113,0.9846728185097046,0.4846343129335886,0.5197623413336575,0.9274321641932659,0.002107728337236534,22445.0,0.9842466429618062,0.9632786549378046,32.50482749938965
6_Decision_Synergy,Angular_Hard_0.16_AsymTanh,0.9177751756440281,0.9894326819582422,0.9649681029073214,0.9847194758235258,0.48470813832972254,0.5197701861057623,0.9269603010795139,0.0029274004683840747,21704.0,0.9834486552785726,0.9611872040410584,32.490875482559204
6_Decision_Synergy,Angular_Hard_0.18,0.9231615925058547,0.9900975622708148,0.9646869484166372,0.9846025673766807,0.4846058875035703,0.5197729894014356,0.9279606578538734,0.002107728337236534,22566.0,0.9842683274097201,0.9635954296853337,32.61713171005249
6_Decision_Synergy,Angular_Hard_0.18_AsymTanh,0.9228103044496487,0.9900584644572819,0.9654617974097217,0.9846170497793247,0.4846171602936261,0.5197729894014356,0.9278322319167391,0.002107728337236534,22166.0,0.9842683274097201,0.9626342317939571,32.56466603279114
6_Decision_Synergy,Whitened_Angular_Hard_0.14,0.9175644028103045,0.9893393505603605,0.9687248898790964,0.9845615151566957,0.48348413922859723,0.5191272304941773,0.9255622054752551,0.002107728337236534,22384.0,0.9842268495491628,0.9631483323999555,32.52635407447815
6_Decision_Synergy,Whitened_Angular_Hard_0.14_AsymTanh,0.916440281030445,0.9892155872039468,0.9659000293550013,0.9847846279370985,0.4848202762370651,0.5197732186070148,0.9270315966691263,0.0029274004683840747,21545.0,0.9834486552785726,0.9606109303955408,32.54016923904419
6_Decision_Synergy,Whitened_Angular_Hard_0.16,0.9177517564402811,0.9893616572137955,0.9687248898790964,0.9845754419591746,0.4835363045018167,0.5191301952221448,0.9256376500705772,0.002107728337236534,22384.0,0.9842268495491628,0.9631483323999555,32.46464228630066
6_Decision_Synergy,Whitened_Angular_Hard_0.16_AsymTanh,0.916440281030445,0.9892155872039468,0.9659000293550013,0.9847846279398927,0.48482027624097795,0.5197732186070148,0.9270315966691263,0.0029274004683840747,21545.0,0.9834486552785726,0.9606109303955408,32.63273811340332
6_Decision_Synergy,Whitened_Angular_Hard_0.18,0.9181733021077284,0.9894082380511118,0.9695512320764531,0.9845789520317775,0.4835983360095515,0.5191479833406647,0.9257363413221749,0.002107728337236534,22384.0,0.9842268495491628,0.9631483323999555,32.65843915939331
6_Decision_Synergy,Whitened_Angular_Hard_0.18_AsymTanh,0.916440281030445,0.9892155872039468,0.9659000293550013,0.9847846279832037,0.4848202771618125,0.5197732186070148,0.9270315966691263,0.0029274004683840747,21545.0,0.9834486552785726,0.9606109303955408,32.6469886302948
6_Decision_Synergy,Maha_Hard_0.15,0.9221545667447306,0.9899786564814812,0.9654617974097217,0.9845536054992334,0.4845208505702085,0.5197729894014356,0.9278288064406761,0.002107728337236534,22843.0,0.9842683274097201,0.9641807118407306,32.657374143600464
6_Decision_Synergy,Maha_Hard_0.15_AsymTanh,0.9221545667447306,0.9899786564814812,0.9654617974097217,0.9845536054992334,0.4845208505702085,0.5197729894014356,0.9278288064406761,0.002107728337236534,22843.0,0.9842683274097201,0.9641807118407306,32.627326011657715
6_Decision_Synergy,Maha_Hard_0.18,0.9221545667447306,0.9899786564814812,0.9654617974097217,0.9845536054992334,0.4845208505702085,0.5197729894014356,0.9278288064406761,0.002107728337236534,22843.0,0.9842683274097201,0.9641807118407306,32.64543414115906
6_Decision_Synergy,Maha_Hard_0.18_AsymTanh,0.9221545667447306,0.9899786564814812,0.9654617974097217,0.9845536054992334,0.4845208505702085,0.5197729894014356,0.9278288064406761,0.002107728337236534,22843.0,0.9842683274097201,0.9641807118407306,32.579913854599
6_Decision_Synergy,Hybrid_Hard_0.14,0.921288056206089,0.9898138691446727,0.9674344218509995,0.9847113084338639,0.48468255355716416,0.5197623413336575,0.9275434077700113,0.002107728337236534,22410.0,0.9842466429618062,0.9632123332065793,32.61737370491028
6_Decision_Synergy,Hybrid_Hard_0.14_AsymTanh,0.9148243559718969,0.9890581110261223,0.9647435397687608,0.9847554303445567,0.4847625589642767,0.5197701861057623,0.927118193503199,0.0029274004683840747,21603.0,0.9834486552785726,0.9608178739531842,32.64842224121094
6_Decision_Synergy,Hybrid_Hard_0.16,0.925503512880562,0.9904148091291463,0.9649681029073214,0.9846324016788692,0.48466108229824123,0.5197729894014356,0.9280365989420214,0.002107728337236534,22529.0,0.9842683274097201,0.963496303991433,32.64537739753723
6_Decision_Synergy,Hybrid_Hard_0.16_AsymTanh,0.9227400468384075,0.990089207379797,0.9633173344067749,0.9846530757314237,0.4846770381540808,0.5197729894014356,0.9278854638498768,0.002107728337236534,22014.0,0.9842683274097201,0.9621273045843781,32.667320728302
7_End_to_End,Angular_k3_Hard0.16_MorphOpen3,0.923231850117096,0.9900795804634726,0.9651898234783113,0.9846729232198843,0.4846338163169848,0.5197623413336575,0.9274319849419661,0.002107728337236534,22435.0,0.9842466429618062,0.9632578601937739,33.50104808807373
7_End_to_End,Angular_k3_Hard0.16_Morph3_Floor20,0.91711943793911,0.9893118223406612,0.9651898234783113,0.9836369453602866,0.4830306877197169,0.5191482559762678,0.9195471405740706,0.003747072599531616,21720.0,0.9810979984458326,0.9610450673843276,38.674500465393066
7_End_to_End,Angular_k3_Hard0.16_FullPipeline_Morph3_Floor20_Area30,0.91711943793911,0.9893118223406612,0.9651898234783113,0.9836369504782732,0.48303068861750026,0.5191482559762678,0.9195470442338327,0.003747072599531616,21706.0,0.9810979984458326,0.9610131065222707,54.369850397109985
7_End_to_End,Whitened_Angular_k3_Hard0.16_MorphOpen3,0.9177517564402811,0.9893616572137955,0.9687248898790964,0.9845755337287107,0.4835358026330009,0.5191301952221448,0.9256373298091432,0.002107728337236534,22378.0,0.9842268495491628,0.9631341393093694,33.51351022720337
7_End_to_End,Whitened_Angular_k3_Hard0.16_Morph3_Floor20,0.9155503512880563,0.9891014301023104,0.9663461038713249,0.9832915199192667,0.4819165374293185,0.5188344179410542,0.9153709340968994,0.003747072599531616,21275.0,0.9798035046308905,0.9595820617067196,38.72587871551514
7_End_to_End,Whitened_Angular_k3_Hard0.16_FullPipeline_Morph3_Floor20_Area30,0.9155503512880563,0.9891014301023104,0.9663461038713249,0.9832915232933204,0.48191653787513095,0.5188344179410542,0.9153708182105282,0.003747072599531616,21260.0,0.9798035046308905,0.9595316976439594,52.68319797515869
7_End_to_End,Hybrid_AngL1_k3_Hard0.16_MorphOpen3,0.9255269320843091,0.9904173292411805,0.9649681029073214,0.9846325006863659,0.48466067688488373,0.5197729894014356,0.9280365908568438,0.002107728337236534,22522.0,0.9842683274097201,0.9634808156646822,33.56228446960449
7_End_to_End,Hybrid_AngL1_k3_Hard0.16_Morph3_Floor20,0.9151990632318502,0.9891117084102738,0.9633757462194232,0.9837156969853773,0.4831509371474571,0.5191650036764025,0.9221280701998648,0.002107728337236534,22254.0,0.983054147562954,0.9625346298046735,39.005178928375244
7_End_to_End,Hybrid_AngL1_k3_Hard0.16_FullPipeline_Morph3_Floor20_Area30,0.9151990632318502,0.9891117084102738,0.9633757462194232,0.9837157042656816,0.4831509384154969,0.5191650036764025,0.9221279477882933,0.002107728337236534,22234.0,0.983054147562954,0.9624812187143487,57.48868465423584
7_End_to_End,Mahalanobis_k3_Hard0.18_MorphOpen3,0.9221545667447306,0.9899786564814812,0.9654617974097217,0.9845536665573564,0.48452049700554867,0.5197729894014356,0.9278289718039892,0.002107728337236534,22833.0,0.9842683274097201,0.9641608902638268,33.980313777923584
7_End_to_End,Mahalanobis_k3_Hard0.18_Morph3_Floor20,0.9135597189695551,0.9888940026554677,0.9633173344067749,0.9836576625819229,0.4831013763217442,0.5191650036764025,0.9228585959920153,0.002107728337236534,23266.0,0.983054147562954,0.9646752289399176,39.32066464424133
7_End_to_End,Mahalanobis_k3_Hard0.18_FullPipeline_Morph3_Floor20_Area30,0.9135597189695551,0.9888940026554677,0.9633173344067749,0.9836576766206522,0.4831013787856042,0.5191650036764025,0.9228583795754366,0.002107728337236534,23232.0,0.983054147562954,0.964617064840532,61.576945304870605
