Config_Name,Category,Method,Param_Detail,Total_ROIs,ROIs_per_Mid_Img,R-FP-RegionCount,R-MissRate,R-PixelCoverage,R-FPR,P-AUROC,P-AP,P-F1,P-AUPRO,I-AUROC,I-AP,I-F1,Elapsed_s
0.0 Baseline (Raw Stage-1 15k Model),0_Baselines,Raw_Stage1,No 2nd Stage,0,0.0,22800,0.002107728337236534,0.9841980500802764,0.9640919131343001,0.9844638712405288,0.4829890051328682,0.5190108621983003,0.9389237304701883,0.9155737704918033,0.9891139329047045,0.9687248898790964,0.0
0.1 Standard 2-Stage (Distance Margin),0_Baselines,Distance_Margin,Margin = (dg-da)/(dg+da),5838,33.6,22118,0.002107728337236534,0.9838368068962322,0.9624652594620526,0.9849309326328664,0.487057800176111,0.5221085199062441,0.9424084656391414,0.9241451990632318,0.9900728066739617,0.9728867123972055,9.27
"1. vMF KDE (sigma=0.05, beta=0.5)",1_vMF_KDE_Bandwidth_Sweep,vMF_KDE,"sigma=0.05, beta=0.5, Tanh",5838,33.6,21358,0.003747072599531616,0.9826289831474249,0.9596776729005337,0.9849755652084091,0.48718511816363574,0.5221995769157708,0.9417578366469459,0.9147775175644028,0.9890956115587871,0.9640287270091226,8.78
"1. vMF KDE (sigma=0.08, beta=0.5)",1_vMF_KDE_Bandwidth_Sweep,vMF_KDE,"sigma=0.08, beta=0.5, Tanh",5838,33.6,21442,0.0029274004683840747,0.9834486552785724,0.9601174994650482,0.9849794570062248,0.4872242868644125,0.5221995769157708,0.9419603513705536,0.9165573770491803,0.9892621529004416,0.965791517266872,8.92
"1. vMF KDE (sigma=0.10, beta=0.5)",1_vMF_KDE_Bandwidth_Sweep,vMF_KDE,"sigma=0.10, beta=0.5, Tanh",5838,33.6,21509,0.0029274004683840747,0.9834486552785724,0.9605160091530855,0.9849630411509499,0.48721635817419107,0.5222016530622153,0.942069200631045,0.9181967213114753,0.9894381764041636,0.9671210406409249,8.63
"1. vMF KDE (sigma=0.12, beta=0.5)",1_vMF_KDE_Bandwidth_Sweep,vMF_KDE,"sigma=0.12, beta=0.5, Tanh",5838,33.6,21651,0.0029274004683840747,0.9834486552785724,0.9610738536754577,0.984941295992938,0.48719189493620785,0.5221928399267624,0.9421425618891934,0.9208665105386418,0.9897421722154267,0.9687248898790964,8.4
"1. vMF KDE (sigma=0.15, beta=0.5)",1_vMF_KDE_Bandwidth_Sweep,vMF_KDE,"sigma=0.15, beta=0.5, Tanh",5838,33.6,21968,0.002107728337236534,0.9838584913441462,0.9620881734575347,0.9849199653040445,0.4871543364574188,0.5221880025052594,0.9427108983671509,0.9244496487119438,0.9901578301833694,0.9703762510677902,8.43
"1. vMF KDE (sigma=0.20, beta=0.5)",1_vMF_KDE_Bandwidth_Sweep,vMF_KDE,"sigma=0.20, beta=0.5, Tanh",5838,33.6,22361,0.002107728337236534,0.9842683274097199,0.9631759575692405,0.9849227826020907,0.4871134975497865,0.5221297729655625,0.9429191304794967,0.925152224824356,0.9902260044122897,0.9697451729710156,8.07
"1. vMF KDE (sigma=0.30, beta=0.5)",1_vMF_KDE_Bandwidth_Sweep,vMF_KDE,"sigma=0.30, beta=0.5, Tanh",5838,33.6,22632,0.002107728337236534,0.9842509798513887,0.9637504986582751,0.9849207716078021,0.4870483899915728,0.5221047195087279,0.9427254189920274,0.924871194379391,0.9901738922059502,0.9721115038237514,8.21
"1. vMF KDE (sigma=0.50, beta=0.5)",1_vMF_KDE_Bandwidth_Sweep,vMF_KDE,"sigma=0.50, beta=0.5, Tanh",5838,33.6,22756,0.002107728337236534,0.984246642961806,0.9640134279934541,0.9849182075218308,0.48701717583781573,0.52207931307713,0.9425523711490706,0.9246604215456674,0.9901408224982657,0.9721115038237514,7.93
"2. Local Top-3 vMF KDE (sigma=0.15, beta=0.5)",2_Local_TopK_KDE,Local_vMF_KDE,"Top-k=3, sigma=0.15, beta=0.5",5838,33.6,21532,0.0029274004683840747,0.9834486552785724,0.9606023346016535,0.9849733649247023,0.4871935977487086,0.5221871408688372,0.9421193724305698,0.9200702576112413,0.9895970192389327,0.9695023577264286,8.6
"2. Local Top-5 vMF KDE (sigma=0.15, beta=0.5)",2_Local_TopK_KDE,Local_vMF_KDE,"Top-k=5, sigma=0.15, beta=0.5",5838,33.6,21530,0.0029274004683840747,0.9834486552785724,0.9605851652369771,0.9849759863499756,0.4871960474737299,0.5221871408688372,0.942128871747969,0.9201405152224825,0.9896062646218303,0.9703762510677902,8.56
"2. Local Top-10 vMF KDE (sigma=0.15, beta=0.5)",2_Local_TopK_KDE,Local_vMF_KDE,"Top-k=10, sigma=0.15, beta=0.5",5838,33.6,21514,0.0029274004683840747,0.9834486552785724,0.9604886215456283,0.9849722022917338,0.4871883873033291,0.5221842030872907,0.9420990560367791,0.9205854800936768,0.9896603519608486,0.9711537961790172,8.44
"2. Local Top-20 vMF KDE (sigma=0.15, beta=0.5)",2_Local_TopK_KDE,Local_vMF_KDE,"Top-k=20, sigma=0.15, beta=0.5",5838,33.6,21497,0.0029274004683840747,0.9834486552785724,0.9603123862274757,0.9849678755404938,0.4871797083032386,0.522178327489157,0.9420799163480383,0.9213817330210774,0.9897529451310425,0.9711537961790172,8.53
"2. Local Top-50 vMF KDE (sigma=0.15, beta=0.5)",2_Local_TopK_KDE,Local_vMF_KDE,"Top-k=50, sigma=0.15, beta=0.5",5838,33.6,21479,0.0029274004683840747,0.9834486552785724,0.9602251882026962,0.9849594768817139,0.48716264989525676,0.522172451844302,0.9421151925076554,0.9222950819672131,0.9898583698297033,0.9719325883554397,8.6
"3. PCA(32)+GMM(1 comp, diag)",3_PCA_GMM,PCA_GMM,"d=32, K=1, cov=diag",5838,33.6,22120,0.002107728337236534,0.9842683274097199,0.9625032774578021,0.9849084219046695,0.4870681550804005,0.5221130065441855,0.9427438779797737,0.9258313817330212,0.990319675562764,0.969793272780124,9.89
"3. PCA(32)+GMM(1 comp, full)",3_PCA_GMM,PCA_GMM,"d=32, K=1, cov=full",5838,33.6,22048,0.002107728337236534,0.9842683274097199,0.9623887545084453,0.9849146484399001,0.487197647126144,0.5221995769157708,0.9432259826610022,0.9220843091334895,0.9899630386381961,0.9646869484166372,10.18
"3. PCA(32)+GMM(2 comp, diag)",3_PCA_GMM,PCA_GMM,"d=32, K=2, cov=diag",5838,33.6,21847,0.002107728337236534,0.9842683274097199,0.9617303590388336,0.9849182323296974,0.487084270292946,0.5221211346474526,0.9427518878400889,0.926135831381733,0.990354045342133,0.9702810745181556,9.9
"3. PCA(32)+GMM(2 comp, full)",3_PCA_GMM,PCA_GMM,"d=32, K=2, cov=full",5838,33.6,21829,0.002107728337236534,0.9842683274097199,0.9615932089323026,0.9849162649907434,0.4871753970553145,0.5221937015189202,0.9431532136227695,0.921311475409836,0.9898703678662524,0.9634339723031764,10.44
"3. PCA(32)+GMM(4 comp, diag)",3_PCA_GMM,PCA_GMM,"d=32, K=4, cov=diag",5838,33.6,21985,0.002107728337236534,0.9842683274097199,0.9620948905559665,0.9849446777285477,0.4872042132652256,0.5221899021915851,0.943339681670359,0.9233723653395784,0.9900451800768368,0.9681528162831176,10.25
"3. PCA(32)+GMM(4 comp, full)",3_PCA_GMM,PCA_GMM,"d=32, K=4, cov=full",5838,33.6,21591,0.002107728337236534,0.9842683274097199,0.9606481572522426,0.9849186519357174,0.4871547611302848,0.5221995769157708,0.9430712943031736,0.9209836065573771,0.9897939230601692,0.9671210406409249,10.49
"3. PCA(32)+GMM(8 comp, diag)",3_PCA_GMM,PCA_GMM,"d=32, K=8, cov=diag",5838,33.6,21784,0.002107728337236534,0.9842683274097199,0.9615110352717089,0.9849290560748221,0.48719018443626944,0.5221937015189202,0.9433322236058354,0.9233255269320844,0.9900921763527091,0.9673826071634513,10.08
"3. PCA(32)+GMM(8 comp, full)",3_PCA_GMM,PCA_GMM,"d=32, K=8, cov=full",5838,33.6,21508,0.002107728337236534,0.9838584913441462,0.9604153192375546,0.984973001098418,0.48723989619188146,0.5221985388487391,0.942820636931354,0.9180796252927401,0.9894354995893875,0.9657370018317194,10.8
"3. PCA(16)+GMM(4 comp, diag)",3_PCA_GMM,PCA_GMM,"d=16, K=4, cov=diag",5838,33.6,22022,0.002107728337236534,0.9842683274097199,0.9623222680663025,0.9849129070067748,0.48714446632607594,0.5221755660074443,0.9431567303627612,0.9233957845433255,0.9900466189612005,0.96887465075296,10.06
"3. PCA(64)+GMM(4 comp, diag)",3_PCA_GMM,PCA_GMM,"d=64, K=4, cov=diag",5838,33.6,21807,0.002107728337236534,0.9842683274097199,0.9614444323408338,0.9849458522018713,0.4871820991247864,0.5221772894354774,0.9432770392207521,0.9241686182669789,0.9901415906533257,0.9686746488153443,10.1
"3. PCA(128)+GMM(4 comp, diag)",3_PCA_GMM,PCA_GMM,"d=128, K=4, cov=diag",5838,33.6,21435,0.002107728337236534,0.9842683274097199,0.9601135281420116,0.9849889807310352,0.48722792185404656,0.5221733135768908,0.9428318413776885,0.9226463700234192,0.9898995037120712,0.9712459564224423,10.05
4. PCA(32)+KDE(bw=0.1),4_PCA_KDE,PCA_KDE,"d=32, bw=0.1, Gaussian",5838,33.6,22029,0.002107728337236534,0.9842683274097199,0.9622828865701896,0.984928433263064,0.48714828027954193,0.5221520628701555,0.9427800779060223,0.9237939110070258,0.9900681398436835,0.9712459564224423,12.11
4. PCA(32)+KDE(bw=0.2),4_PCA_KDE,PCA_KDE,"d=32, bw=0.2, Gaussian",5838,33.6,22658,0.002107728337236534,0.9842596536305546,0.9638198028313041,0.9849169182520614,0.4870481451707849,0.5221095579078172,0.9427209215264931,0.9252693208430913,0.9902216840681464,0.9721115038237514,11.9
4. PCA(32)+KDE(bw=0.5),4_PCA_KDE,PCA_KDE,"d=32, bw=0.5, Gaussian",5838,33.6,22805,0.002107728337236534,0.984246642961806,0.9641056717577398,0.9849163209804777,0.48700797634538995,0.5220734364077517,0.9424964148998316,0.9247540983606558,0.990151572273243,0.9721115038237514,12.05
4. PCA(32)+KDE(bw=1.0),4_PCA_KDE,PCA_KDE,"d=32, bw=1.0, Gaussian",5838,33.6,22806,0.002107728337236534,0.984246642961806,0.9640999297764539,0.9849160776627257,0.48700259602031776,0.5220734364077517,0.9424829601710564,0.9247306791569087,0.9901470520054411,0.9720669891408292,12.17
"5. vMF KDE (sigma=0.15, beta=0.1)",5_Mapping_Calibration,vMF_KDE,"sigma=0.15, beta=0.1, Tanh",5838,33.6,22421,0.002107728337236534,0.9842596536305546,0.9632271832677316,0.9849200337130803,0.4870549385409185,0.5221143962491915,0.942560540622265,0.924847775175644,0.9901621609153531,0.9728867123972055,7.96
"5. vMF KDE (sigma=0.15, beta=0.2)",5_Mapping_Calibration,vMF_KDE,"sigma=0.15, beta=0.2, Tanh",5838,33.6,22199,0.002107728337236534,0.9842683274097199,0.9626852388386031,0.9849221606629976,0.4870980042182233,0.522126834900594,0.9426643252618724,0.924871194379391,0.9901744559757201,0.9712459564224423,8.1
"5. vMF KDE (sigma=0.15, beta=0.5)",5_Mapping_Calibration,vMF_KDE,"sigma=0.15, beta=0.5, Tanh",5838,33.6,21968,0.002107728337236534,0.9838584913441462,0.9620881734575347,0.9849199653040445,0.4871543364574188,0.5221880025052594,0.9427108983671509,0.9244496487119438,0.9901578301833694,0.9703762510677902,7.88
"5. vMF KDE (sigma=0.15, beta=1.0)",5_Mapping_Calibration,vMF_KDE,"sigma=0.15, beta=1.0, Tanh",5838,33.6,21813,0.002107728337236534,0.9838584913441462,0.9615219868394113,0.984906940148379,0.48714855024224324,0.5222006149869295,0.942583518380387,0.9232786885245902,0.9900741996269111,0.9679999500288026,8.11
"5. vMF KDE (sigma=0.15, beta=2.0)",5_Mapping_Calibration,vMF_KDE,"sigma=0.15, beta=2.0, Tanh",5838,33.6,21692,0.0029274004683840747,0.9834486552785724,0.961213691961228,0.9848857408367813,0.4871054001659148,0.5221985388487391,0.9422440394763446,0.9207494145199063,0.9898192681839706,0.9635498708160795,8.13
"5. Asymmetric vMF KDE (beta_a=1.0, beta_g=0.3, deadband=1.0)",5_Mapping_Calibration,vMF_KDE_Asym,"sigma=0.15, beta_a=1.0, beta_g=0.3, deadband=1.0",5838,33.6,22491,0.002107728337236534,0.984246642961806,0.9634207027980396,0.9849231114813665,0.4871569026729152,0.5221880025052594,0.9428448506491867,0.9253629976580797,0.9902372159003834,0.9721115038237514,7.97
"6. Hybrid Fusion (w_LLR=0.2, w_Dist=0.8)",6_Hybrid_Fusion,Hybrid_LLR_Dist,"w_llr=0.2, sigma=0.15, beta=0.5",5838,33.6,22059,0.002107728337236534,0.9838584913441462,0.962334005793031,0.9849308504313175,0.4870800142309991,0.5221221726596592,0.9424732195156184,0.924192037470726,0.990084268093483,0.9728867123972055,8.18
"6. Hybrid Fusion (w_LLR=0.5, w_Dist=0.5)",6_Hybrid_Fusion,Hybrid_LLR_Dist,"w_llr=0.5, sigma=0.15, beta=0.5",5838,33.6,22036,0.002107728337236534,0.9838584913441462,0.9622972064742263,0.9849273429019635,0.48710929710965006,0.5221356490604538,0.942518648552166,0.9240281030444966,0.9900800589684752,0.9712459564224423,7.9
"6. Hybrid Fusion (w_LLR=0.8, w_Dist=0.2)",6_Hybrid_Fusion,Hybrid_LLR_Dist,"w_llr=0.8, sigma=0.15, beta=0.5",5838,33.6,21978,0.002107728337236534,0.9838584913441462,0.9621381364566759,0.9849223809788802,0.487135943164013,0.522163814532247,0.9426750148136817,0.9242154566744731,0.9901198824898394,0.9704236111018484,8.23
7.0 vMF KDE + MorphOpening(k=3),7_Unified_Pipeline,vMF_KDE_Morph,"sigma=0.15, beta=0.5, k=3",5838,33.6,21949,0.002107728337236534,0.9838564774077062,0.9620863327107102,0.9849202298299199,0.48715257568072995,0.522186808493902,0.9427943347571361,0.9244496487119438,0.9901578301833694,0.9703762510677902,30.57
7.1 vMF KDE + FloorSub(p=20%),7_Unified_Pipeline,vMF_KDE_Floor,"sigma=0.15, beta=0.5, p=20%",5838,33.6,18074,0.0046760343481654955,0.9647265328302682,0.9515565414402938,0.9855681918429315,0.49598427141654294,0.5327810681854658,0.9401928687898263,0.9185480093676816,0.9892696018740501,0.96887465075296,44.12
7.2 vMF KDE + Morph(k=3) + Floor(p=20%),7_Unified_Pipeline,vMF_KDE_Morph_Floor,"sigma=0.15, beta=0.5, k=3, p=20%",5838,33.6,18041,0.0046760343481654955,0.9647265328302682,0.9514545879708003,0.985568491801907,0.49598247033091003,0.5327940772043418,0.940218689944945,0.9185714285714285,0.9892725911709848,0.96887465075296,47.2
7.3 Unified Optimal: vMF KDE + Morph(k=3) + Floor(p=20%) + AreaFilter(30),7_Unified_Pipeline,Unified_Optimal_LLR,"sigma=0.15, beta=0.5, k=3, p=20%, area=30",5838,33.6,17944,0.0046760343481654955,0.9647265328302682,0.9511956328986977,0.9855685226344936,0.4959824941540367,0.5327940772043418,0.9402188838292838,0.9185714285714285,0.9892725911709848,0.96887465075296,121.22
7.4 Unified Optimal: Hybrid(w=0.5) + Morph(k=3) + Floor(p=20%) + AreaFilter(30),7_Unified_Pipeline,Unified_Optimal_Hybrid,"Hybrid w=0.5, k=3, p=20%, area=30",5838,33.6,17783,0.0046760343481654955,0.9645154881799648,0.9506179802972141,0.9855796017893149,0.49595769024463926,0.5327481740165857,0.9401331896852331,0.9187587822014052,0.9892618756555521,0.9703762510677902,120.61
